IDENTIFIER,preds,time
LMGP01050041,CCCCCCCCCCCCCCCCCCC(=O)OC[C@@H](O)COP(=O)([O-])OCC[N+](C)(C)C,150
LMGP01050045,CCCCCCCCCCCCCCCCCCCC(=O)OC[C@@H](O)COP(=O)([O-])OCC[N+](C)(C)C,174
LMGP06050006,CCCCC/C=C\C/C=C\C/C=C\C/C=C\CCCC(=O)OC[C@@H](O)COP(=O)(O)O[C@H]1C(O)C(O)C(O)[C@@H](O)C1O,72
LMGP01010573,CCCCCCCCCCCCCCCCCC(=O)O[C@H](COC(=O)CCCCCCCCCCCCCCC)COP(=O)([O-])OCC[N+](C)(C)C,498
LMGP01010976,CCCCCCCCCCCCCCCCCCC(=O)OC[C@H](COP(=O)([O-])OCC[N+](C)(C)C)OC(=O)CCCCCCCCCCCCCCCCCC,582
LMGP02011213,CCCCCCCCCCCCCCCCC(=O)OC[C@H](COP(=O)(O)OCCN)OC(=O)CCCCCCCCCCCCCCCC,510
LMSP03010002,CCCCCCCCCCCCC/C=C/[C@@H](O)[C@H](COP(=O)([O-])OCC[N+](C)(C)C)NC(=O)CCCCCCCCCCC,282
LMGP01050018,CCCCCCCCCCCCCCCC(=O)OC[C@@H](O)COP(=O)([O-])OCC[N+](C)(C)C,102
LMGP01050024,CCCCCCCCCCCCCCCCC(=O)OC[C@@H](O)COP(=O)([O-])OCC[N+](C)(C)C,120
LMGP01050026,CCCCCCCCCCCCCCCCCC(=O)OC[C@@H](O)COP(=O)([O-])OCC[N+](C)(C)C,132
LMGP01050032,CCCCCCCC/C=C\CCCCCCCC(=O)OC[C@@H](O)COP(=O)([O-])OCC[N+](C)(C)C,108
LMGP01050035,CCCCC/C=C\C/C=C\CCCCCCCC(=O)OC[C@@H](O)COP(=O)([O-])OCC[N+](C)(C)C,90
LMGP01050133,CCCCC/C=C\C/C=C\C/C=C\CCCCCCC(=O)OC[C@@H](O)COP(=O)([O-])OCC[N+](C)(C)C,96
LMGP01050048,CCCCC/C=C\C/C=C\C/C=C\C/C=C\CCCC(=O)OC[C@@H](O)COP(=O)([O-])OCC[N+](C)(C)C,90
LMGP02050002,CCCCCCCCCCCCCCCC(=O)OC[C@H](O)COP(=O)(O)OCCN,108
LMGP02050010,CCCCCC/C=C\CCCCCCCC(=O)OC[C@@H](O)COP(=O)(O)OCCN,90
LMGP02050001,CCCCCCCCCCCCCCCCCC(=O)OC[C@@H](O)COP(=O)(O)OCCN,132
LMGP02050004,CCCCCCCC/C=C\CCCCCCCC(=O)OC[C@@H](O)COP(=O)(O)OCCN,108
LMGP02050011,CCCCC/C=C\C/C=C\CCCCCCCC(=O)OC[C@@H](O)COP(=O)(O)OCCN,90
LMGP02050009,CCCCC/C=C\C/C=C\C/C=C\C/C=C\CCCC(=O)OC[C@@H](O)COP(=O)(O)OCCN,90
LMGP02050013,CC/C=C\C/C=C\C/C=C\C/C=C\C/C=C\C/C=C\CCC(=O)OC[C@@H](O)COP(=O)(O)OCCN,90
LMGP02060004,CCCCCCCC/C=C\CCCCCCCCOC[C@@H](O)COP(=O)(O)OCCN,156
LMGP06050004,CCCCCCCCCCCCCCCCCC(=O)OC[C@@H](O)COP(=O)(O)O[C@H]1C(O)C(O)C(O)[C@@H](O)C1O,102
LMGP01010560,CCCCCCCCCCCCCCCC(=O)OC[C@H](COP(=O)([O-])OCC[N+](C)(C)C)OC(=O)CCCCCCCCCCCCC,396
LMGP01010532,CCCCCCCCCCCCCCCC(=O)O[C@H](COC(=O)CCCCCCCCCCCCCC)COP(=O)([O-])OCC[N+](C)(C)C,420
LMGP01010564,CCCCCCCCCCCCCCCC(=O)OC[C@H](COP(=O)([O-])OCC[N+](C)(C)C)OC(=O)CCCCCCCCCCCCCCC,450
LMGP01010566,CCCCCC/C=C\CCCCCCCC(=O)O[C@H](COC(=O)CCCCCCCCCCCCCCC)COP(=O)([O-])OCC[N+](C)(C)C,408
LMGP01010684,CCCCCC/C=C\CCCCCCCC(=O)OC[C@H](COP(=O)([O-])OCC[N+](C)(C)C)OC(=O)CCCCCCC/C=C\CCCCCC,366
LMGP01010539,CCCCCCCCCCCCCCCCCC(=O)O[C@H](COC(=O)CCCCCCCCCCCCCC)COP(=O)([O-])OCC[N+](C)(C)C,474
LMGP01010543,CCCCC/C=C\C/C=C\CCCCCCCC(=O)O[C@H](COC(=O)CCCCCCCCCCCCCC)COP(=O)([O-])OCC[N+](C)(C)C,390
LMGP01010005,CCCCCCCC/C=C\CCCCCCCC(=O)O[C@H](COC(=O)CCCCCCCCCCCCCCC)COP(=O)([O-])OCC[N+](C)(C)C,456
LMGP01010594,CCCCC/C=C\C/C=C\CCCCCCCC(=O)O[C@H](COC(=O)CCCCCCCCCCCCCCC)COP(=O)([O-])OCC[N+](C)(C)C,420
LMGP01010690,CCCCC/C=C\C/C=C\CCCCCCCC(=O)O[C@H](COC(=O)CCCCCCC/C=C\CCCCCC)COP(=O)([O-])OCC[N+](C)(C)C,372
LMGP01011485,CC/C=C\C/C=C\C/C=C\CCCCCCCC(=O)O[C@H](COC(=O)CCCCCCC/C=C\CCCCCC)COP(=O)([O-])OCC[N+](C)(C)C,336
LMGP01010711,CCCCCCCC/C=C\CCCCCCCC(=O)O[C@H](COC(=O)CCCCCCCCCCCCCCCC)COP(=O)([O-])OCC[N+](C)(C)C,486
LMGP01011621,CCCCC/C=C\C/C=C\CCCCCCCC(=O)OC[C@H](COP(=O)([O-])OCC[N+](C)(C)C)OC(=O)CCCCCCCCCCCCCCCC,444
LMGP01011622,CCCCC/C=C\C/C=C\CCCCCCCC(=O)OC[C@H](COP(=O)([O-])OCC[N+](C)(C)C)OC(=O)CCCCCCC/C=C\CCCCCCC,402
LMGP01010840,CCCCCC/C=C\CCCCCCCCCC(=O)OC[C@H](COP(=O)([O-])OCC[N+](C)(C)C)OC(=O)CCCCCCCCCCCCCCCCC,510
LMGP01010935,CCCCC/C=C\C/C=C\CCCCCCCC(=O)OC[C@H](COP(=O)([O-])OCC[N+](C)(C)C)OC(=O)CCCCCCCCCCCCCCCCC,468
LMGP01012168,CCCCC/C=C\C/C=C\CCCCCCCC(=O)OC[C@H](COP(=O)([O-])OCC[N+](C)(C)C)OC(=O)CCCCCCCCC/C=C\CCCCCC,426
LMGP01010937,CCCCC/C=C\C/C=C\CCCCCCCC(=O)OC[C@H](COP(=O)([O-])OCC[N+](C)(C)C)OC(=O)CCCCCCC/C=C\C/C=C\CCCCC,384
LMGP01012136,CC/C=C\C/C=C\C/C=C\C/C=C\CCCCCCC(=O)O[C@H](COC(=O)CCCCCCCCCCCCCCC)COP(=O)([O-])OCC[N+](C)(C)C,414
LMGP01011626,CC/C=C\C/C=C\C/C=C\CCCCCCCC(=O)O[C@H](COC(=O)CCCCCCC/C=C\C/C=C\CCCCC)COP(=O)([O-])OCC[N+](C)(C)C,342
LMGP01010633,CC/C=C\C/C=C\C/C=C\C/C=C\C/C=C\CCCC(=O)O[C@H](COC(=O)CCCCCCCCCCCCCCC)COP(=O)([O-])OCC[N+](C)(C)C,372
LMGP01010783,CCCCCCCC/C=C\CCCCCCCCCC(=O)O[C@H](COC(=O)CCCCCCCCCCCCCCCCC)COP(=O)([O-])OCC[N+](C)(C)C,546
LMGP01010788,CCCCC/C=C\C/C=C\CCCCCCCCCC(=O)O[C@H](COC(=O)CCCCCCCCCCCCCCCCC)COP(=O)([O-])OCC[N+](C)(C)C,510
LMGP01011630,CCCCC/C=C\C/C=C\CCCCCCCC(=O)OC[C@H](COP(=O)([O-])OCC[N+](C)(C)C)OC(=O)CCCCCCCCCCCCCCCCCCC,522
LMGP01010799,CCCCC/C=C\C/C=C\C/C=C\CCCCCCC(=O)O[C@H](COC(=O)CCCCCCCCCCCCCCCCC)COP(=O)([O-])OCC[N+](C)(C)C,486
LMGP01010804,CCCCC/C=C\C=C/C=C\C=C/CCCCCCC(=O)O[C@H](COC(=O)CCCCCCCCCCCCCCCCC)COP(=O)([O-])OCC[N+](C)(C)C,468
LMGP01010905,CCCCC/C=C\C/C=C\C/C=C\C/C=C\CCCC(=O)O[C@H](COC(=O)CCCCCCC/C=C\CCCCCCCC)COP(=O)([O-])OCC[N+](C)(C)C,426
LMGP01012171,CC/C=C\C/C=C\C/C=C\C/C=C\CCCCCCC(=O)O[C@H](COC(=O)CCCCCCC/C=C\C/C=C\CCCCC)COP(=O)([O-])OCC[N+](C)(C)C,378
LMGP01010650,CC/C=C/C/C=C/C/C=C/C/C=C/C/C=C/C/C=C/CCC(=O)O[C@H](COC(=O)CCCCCCCCCCCCCCC)COP(=O)([O-])OCC[N+](C)(C)C,402
LMGP01011910,CCCCC/C=C\C/C=C\C/C=C\C/C=C\CCCC(=O)OC[C@H](COP(=O)([O-])OCC[N+](C)(C)C)OC(=O)CCCC/C=C\C/C=C\C/C=C\CCCCC,342
LMGP01012103,CC/C=C\C/C=C\C/C=C\C/C=C\C/C=C\C/C=C\CCC(=O)OC[C@H](COP(=O)([O-])OCC[N+](C)(C)C)OC(=O)CCCCCCC/C=C\CCCCCC,354
LMGP01010813,CCCCC/C=C\C/C=C\C/C=C\C/C=C\CCCCCC(=O)O[C@H](COC(=O)CCCCCCCCCCCCCCCCC)COP(=O)([O-])OCC[N+](C)(C)C,498
LMGP01010818,CC/C=C\C/C=C\C/C=C\C/C=C\C/C=C\CCCCCC(=O)O[C@H](COC(=O)CCCCCCCCCCCCCCCCC)COP(=O)([O-])OCC[N+](C)(C)C,468
LMGP01010821,CC/C=C\C/C=C\C/C=C\C/C=C\C/C=C\C/C=C\CCC(=O)O[C@H](COC(=O)CCCCCCCCCCCCCCCCC)COP(=O)([O-])OCC[N+](C)(C)C,450
LMGP01010913,CC/C=C\C/C=C\C/C=C\C/C=C\C/C=C\C/C=C\CCC(=O)O[C@H](COC(=O)CCCCCCC/C=C\CCCCCCCC)COP(=O)([O-])OCC[N+](C)(C)C,402
LMGP01010947,CC/C=C\C/C=C\C/C=C\C/C=C\C/C=C\C/C=C\CCC(=O)O[C@H](COC(=O)CCCCCCC/C=C\C/C=C\CCCCC)COP(=O)([O-])OCC[N+](C)(C)C,360
LMGP01012119,CC/C=C\C/C=C\C/C=C\C/C=C\C/C=C\C/C=C\CCC(=O)OC[C@H](COP(=O)([O-])OCC[N+](C)(C)C)OC(=O)CCC/C=C\C/C=C\C/C=C\C/C=C\CCCCC,354
LMGP01011119,CC/C=C\C/C=C\C/C=C\C/C=C\C/C=C\C/C=C\CCC(=O)OC[C@H](COP(=O)([O-])OCC[N+](C)(C)C)OC(=O)CC/C=C\C/C=C\C/C=C\C/C=C\C/C=C\C/C=C\CC,342
LMGP02011249,CCCCCC/C=C\CCCCCCCC(=O)O[C@H](COC(=O)CCCCCCCCCCCCC)COP(=O)(O)OCCN,360
LMGP02010037,CCCCCCCCCCCCCCCC(=O)OC[C@H](COP(=O)(O)OCCN)OC(=O)CCCCCCCCCCCCCCC,456
LMGP02011247,CCCCCCCC/C=C\CCCCCCCC(=O)O[C@H](COC(=O)CCCCCCCCCCCCC)COP(=O)(O)OCCN,414
LMGP02011246,CCCCC/C=C\C/C=C\CCCCCCCC(=O)O[C@H](COC(=O)CCCCCCCCCCCCC)COP(=O)(O)OCCN,372
LMGP02010009,CCCCCCCC/C=C\CCCCCCCC(=O)O[C@H](COC(=O)CCCCCCCCCCCCCCC)COP(=O)(O)OCCN,468
LMGP02010042,CCCCC/C=C\C/C=C\CCCCCCCC(=O)O[C@H](COC(=O)CCCCCCCCCCCCCCC)COP(=O)(O)OCCN,432
LMGP02011219,CCCCC/C=C\C/C=C\CCCCCCCC(=O)O[C@H](COC(=O)CCCCCCC/C=C\CCCCCC)COP(=O)(O)OCCN,384
LMGP02010525,CCCCC/C=C\C/C=C\C/C=C\CCCCC(=O)O[C@H](COC(=O)CCCCCCC/C=C\CCCCCC)COP(=O)(O)OCCN,348
LMGP02011242,CCCCC/C=C\C/C=C\C/C=C\C/C=C\CCCC(=O)O[C@H](COC(=O)CCCCCCCCCCCCC)COP(=O)(O)OCCN,372
LMGP02010546,CCCCC/C=C\C/C=C\CCCCCCCC(=O)O[C@H](COC(=O)CCCCCCCCCCCCCCCC)COP(=O)(O)OCCN,456
LMGP02010573,CCCCC/C=C\C/C=C\CCCCCCCC(=O)O[C@H](COC(=O)CCCCCCC/C=C\CCCCCCC)COP(=O)(O)OCCN,414
LMGP02010097,CCCCCCCCCCCCCCCCCC(=O)OC[C@H](COP(=O)(O)OCCN)OC(=O)CCCCCCCCCCCCCCCCC,552
LMGP02010050,CCCCCCCC/C=C\CCCCCCCC(=O)OC[C@H](COP(=O)(O)OCCN)OC(=O)CCCCCCCCCCCCCCCCC,516
LMGP02011193,CCCCC/C=C\C/C=C\CCCCCCCC(=O)OC[C@H](COP(=O)(O)OCCN)OC(=O)CCCCCCCCCCCCCCCCC,480
LMGP02010663,CCCCC/C=C\C/C=C\CCCCCCCC(=O)OC[C@H](COP(=O)(O)OCCN)OC(=O)CCCCCCC/C=C\CCCCCCCC,438
LMGP02010096,CCCCCC=CCC=CCC=CCC=CCCCC(=O)O[C@H](COC(=O)CCCCCCCCCCCCCCC)COP(=O)(O)OCCN,426
LMGP02011217,CCCCC/C=C\C/C=C\C/C=C\C/C=C\CCCC(=O)O[C@H](COC(=O)CCCCCCC/C=C\CCCCCC)COP(=O)(O)OCCN,378
LMGP02010533,CCC=CCC=CCC=CCC=CCC=CCCCC(=O)O[C@H](COC(=O)CCCCCCC/C=C/CCCCCC)COP(=O)(O)OCCN,342
LMGP02011134,CC/C=C\C/C=C\C/C=C\C/C=C\C/C=C\C/C=C\CCC(=O)OC[C@H](COP(=O)(O)OCCN)OC(=O)CCCCCCCCCCCCC,354
LMGP02010940,CCCCC/C=C\C/C=C\C/C=C\C/C=C\CCCC(=O)OC[C@H](COP(=O)(O)OCCN)OC(=O)CCCCCCCCCCCCCCCC,450
LMGP02010941,CCCCC/C=C\C/C=C\C/C=C\C/C=C\CCCC(=O)OC[C@H](COP(=O)(O)OCCN)OC(=O)CCCCCCC/C=C\CCCCCCC,408
LMGP02010853,CCCCCCCCC=CCCCCCCCCCC(=O)OC[C@H](COP(=O)(O)OCCN)OC(=O)CCCCCCC/C=C\CCCCCCCC,522
LMGP02011202,CCCCC/C=C\C/C=C\C/C=C\CCCCCCC(=O)O[C@H](COC(=O)CCCCCCCCCCCCCCCCC)COP(=O)(O)OCCN,492
LMGP02010943,CCCCC/C=C\C/C=C\C/C=C\C/C=C\CCCC(=O)OC[C@H](COP(=O)(O)OCCN)OC(=O)CCCCCCCCCCCCCCCCC,480
LMGP02010944,CCCCC/C=C\C/C=C\C/C=C\C/C=C\CCCC(=O)OC[C@H](COP(=O)(O)OCCN)OC(=O)CCCCCCC/C=C\CCCCCCCC,438
LMGP02011192,CCCCC/C=C\C/C=C\C/C=C\C/C=C\CCCC(=O)O[C@H](COC(=O)CCCCCCC/C=C\C/C=C\CCCCC)COP(=O)(O)OCCN,396
LMGP02011161,CC/C=C/C/C=C/C/C=C/C/C=C/C/C=C\C/C=C\CCC(=O)OC[C@H](COP(=O)(O)OCCN)OC(=O)CCCCCCCCCCCCCCC,414
LMGP02011138,CC/C=C\C/C=C\C/C=C\C/C=C\C/C=C\C/C=C\CCC(=O)OC[C@H](COP(=O)(O)OCCN)OC(=O)CCCCCCC/C=C\CCCCCC,366
LMGP02010946,CCCCCC=CCC=CCC=CCC=CCCCC(=O)OC[C@H](COP(=O)(O)OCCN)OC(=O)CCCC/C=C/CC=CCC=CCCCCC,354
LMGP02010951,CCCCC/C=C\C/C=C\C/C=C\C/C=C\CCCC(=O)OC[C@H](COP(=O)(O)OCCN)OC(=O)CCCCCCCCCCCCCCCCCCC,528
LMGP02011113,CCCCC/C=C\C/C=C\C/C=C\C/C=C\CCCCCC(=O)OC[C@H](COP(=O)(O)OCCN)OC(=O)CCCCCCCCCCCCCCCCC,510
LMGP02010094,CC/C=C\C/C=C\C/C=C\C/C=C\C/C=C\C/C=C\CCC(=O)O[C@H](COC(=O)CCCCCCCCCCCCCCCCC)COP(=O)(O)OCCN,462
LMGP02011143,CC/C=C\C/C=C\C/C=C\C/C=C\C/C=C\C/C=C\CCC(=O)OC[C@H](COP(=O)(O)OCCN)OC(=O)CCCCCCC/C=C\CCCCCCCC,420
LMGP02011144,CC/C=C\C/C=C\C/C=C\C/C=C\C/C=C\C/C=C\CCC(=O)OC[C@H](COP(=O)(O)OCCN)OC(=O)CCCCCCC/C=C\C/C=C\CCCCC,378
LMGP02011145,CC/C=C\C/C=C\C/C=C\C/C=C\C/C=C\C/C=C\CCC(=O)OC[C@H](COP(=O)(O)OCCN)OC(=O)CCCC/C=C\C/C=C\C/C=C\CCCCC,336
LMGP02011154,CC/C=C\C/C=C\C/C=C\C/C=C\C/C=C\C/C=C\CCC(=O)OC[C@H](COP(=O)(O)OCCN)OC(=O)CCC/C=C/C/C=C/C/C=C/C/C=C/CCCCC,366
LMGP02011033,CCCCC/C=C\C/C=C\C/C=C\C/C=C\CCCC(=O)O[C@H](COC(=O)CCCCCCCCCCCCCCCCCCCCC)COP(=O)(O)OCCN,570
LMGP02010958,CCCCCC=CCC=CCC=CC/C=C/CCCC(=O)OC[C@H](COP(=O)(O)OCCN)OC(=O)CCCCCCCCC/C=C\CCCCCCCCCC,528
LMGP02010901,CC/C=C\C/C=C\C/C=C\C/C=C\C/C=C\C/C=C\CCC(=O)O[C@H](COC(=O)CCCCCCCCCC=CCC=CCCCCC)COP(=O)(O)OCCN,366
LMGP02030014,CCCCCC/C=C\CCCCCCCC(=O)O[C@H](CO/C=C\CCCCCCCCCCCCCC)COP(=O)(O)OCCN,450
LMGP02030095,CCCCCCCC/C=C\CCCCCCCC(=O)O[C@H](CO/C=C\CCCCCCCCCCCCCC)COP(=O)(O)OCCN,498
LMGP02030094,CCCCC/C=C\C/C=C\CCCCCCCC(=O)O[C@H](CO/C=C\CCCCCCCCCCCCCC)COP(=O)(O)OCCN,456
LMGP02030004,CCCCCCCC/C=C\CCCCCCCC(=O)O[C@H](CO/C=C\CCCCCCCCCCCCCCCC)COP(=O)(O)OCCN,546
LMGP02030046,CCCCCC=CCC=CCCCCCCCC(=O)O[C@H](COC=CCCCCCCCCCCCCCCCC)COP(=O)(O)OCCN,510
LMGP02030027,CCCCCC=CCC=CCC=CCCCCCCC(=O)O[C@H](COC=CCCCCCCCCCCCCCC)COP(=O)(O)OCCN,468
LMGP02030093,CCCCC/C=C\C/C=C\C/C=C\C/C=C\CCCC(=O)O[C@H](CO/C=C\CCCCCCCCCCCCCC)COP(=O)(O)OCCN,456
LMGP02030028,CC/C=C\C/C=C\C/C=C\C/C=C\C/C=C\CCCC(=O)O[C@H](CO/C=C\CCCCCCCCCCCCCC)COP(=O)(O)OCCN,420
LMGP02030053,CCCCCCCC/C=C\CCCCCCCCCC(=O)O[C@H](CO/C=C\CCCCCCCCCCCCCCCC)COP(=O)(O)OCCN,582
LMGP02030074,CCCCCCCC/C=C\CCCCCCCC(=O)O[C@H](CO/C=C\CCCCCCCCCCCCCCCCCC)COP(=O)(O)OCCN,588
LMGP02030075,CCCCC/C=C\C/C=C\CCCCCCCC(=O)O[C@H](CO/C=C\CCCCCCCCCCCCCCCCCC)COP(=O)(O)OCCN,558
LMGP02030055,CCCCC/C=C\C/C=C\C/C=C\CCCCCCC(=O)O[C@H](CO/C=C\CCCCCCCCCCCCCCCC)COP(=O)(O)OCCN,522
LMGP02030033,CCCCC/C=C\C/C=C\C/C=C\C/C=C\CCCCCC(=O)O[C@H](CO/C=C\CCCCCCCCCCCCCC)COP(=O)(O)OCCN,492
LMGP02030003,CCCCC/C=C\C/C=C\C/C=C\C/C=C\CCCC(=O)O[C@H](CO/C=C\CCCCCCCCCCCCCCCC)COP(=O)(O)OCCN,504
LMGP02030001,CC/C=C\C/C=C\C/C=C\C/C=C\C/C=C\C/C=C\CCC(=O)O[C@H](CO/C=C\CCCCCCCCCCCCCC)COP(=O)(O)OCCN,438
LMGP02030061,CCCCC/C=C\C/C=C\C/C=C\C/C=C\CCCCCC(=O)O[C@H](CO/C=C\CCCCCCCCCCCCCCCC)COP(=O)(O)OCCN,534
LMGP02030085,CCCCC/C=C\C/C=C\C/C=C\C/C=C\CCCC(=O)O[C@H](CO/C=C\CCCCCCCCCCCCCCCCCC)COP(=O)(O)OCCN,552
LMGP02030005,CC/C=C\C/C=C\C/C=C\C/C=C\C/C=C\C/C=C\CCC(=O)O[C@H](CO/C=C\CCCCCCCCCCCCCCCC)COP(=O)(O)OCCN,486
LMGP02030006,CC/C=C\C/C=C\C/C=C\C/C=C\C/C=C\C/C=C\CCC(=O)O[C@H](CO/C=C\CCCCCC/C=C\CCCCCCCC)COP(=O)(O)OCCN,444
LMGP02030092,CC/C=C\C/C=C\C/C=C\C/C=C\C/C=C\C/C=C\CCC(=O)O[C@H](CO/C=C\CCCCCCCCCCCCCCCCCC)COP(=O)(O)OCCN,534
LMGP04010207,CCCCCC/C=C\CCCCCCCC(=O)OC[C@H](COP(=O)(O)OC[C@@H](O)CO)OC(=O)CCCCCCCCCCCCCCC,348
LMGP04010008,CCCCCC/C=C\CCCCCCCCCC(=O)O[C@H](COC(=O)CCCCCCCCCCCCCCC)COP(=O)(O)OC[C@@H](O)CO,396
LMGP04010983,CCCCC/C=C\C/C=C\CCCCCCCC(=O)O[C@H](COC(=O)CCCCCCCCCCCCCCC)COP(=O)(O)OC[C@@H](O)CO,354
LMGP04010901,CCCCC/C=C\C/C=C\CCCCCCCC(=O)O[C@H](COC(=O)CCCCCCC/C=C\CCCCCC)COP(=O)(O)OC[C@@H](O)CO,282
LMGP04010985,CCCCCCCC/C=C\CCCCCCCC(=O)OC[C@H](COP(=O)(O)OC[C@@H](O)CO)OC(=O)CCCCCCC/C=C\CCCCCCCC,378
LMGP04010960,CCCCC/C=C\C/C=C\CCCCCCCC(=O)O[C@H](COC(=O)CCCCCCC/C=C\CCCCCCCC)COP(=O)(O)OC[C@@H](O)CO,336
LMGP04010956,CCCCC/C=C\C/C=C\CCCCCCCC(=O)OC[C@H](COP(=O)(O)OC[C@@H](O)CO)OC(=O)CCCCCCC/C=C\C/C=C\CCCCC,294
LMGP04010879,CCCCC/C=C\C/C=C\C/C=C\C/C=C\CCCC(=O)O[C@H](COC(=O)CCCCCCC/C=C\CCCCCCCC)COP(=O)(O)OC[C@@H](O)CO,330
LMGP04010875,CCCCC/C=C\C/C=C\C/C=C\C/C=C\CCCC(=O)O[C@H](COC(=O)CCCCCCC/C=C\C/C=C\CCCCC)COP(=O)(O)OC[C@@H](O)CO,288
LMGP04010043,CC/C=C\C/C=C\C/C=C\C/C=C\C/C=C\C/C=C\CCC(=O)O[C@H](COC(=O)CCCCCCC/C=C\CCCCCCCC)COP(=O)(O)OC[C@@H](O)CO,312
LMGP04010045,CC/C=C\C/C=C\C/C=C\C/C=C\C/C=C\C/C=C\CCC(=O)O[C@H](COC(=O)CCCCCCC/C=C\C/C=C\CCCCC)COP(=O)(O)OC[C@@H](O)CO,276
LMGP06010959,CCCCC/C=C\C/C=C\CCCCCCCC(=O)O[C@H](COC(=O)CCCCCCCCCCCCCCC)COP(=O)(O)O[C@H]1C(O)C(O)C(O)[C@@H](O)C1O,348
LMGP06010957,CCCCCCCC/C=C\CCCCCCCC(=O)O[C@H](COC(=O)CCCCCCCCCCCCCCCCC)COP(=O)(O)O[C@H]1C(O)C(O)C(O)[C@@H](O)C1O,438
LMGP06010846,CCCCC/C=C\C/C=C\CCCCCCCC(=O)OC[C@H](COP(=O)(O)O[C@H]1C(O)C(O)C(O)[C@@H](O)C1O)OC(=O)CCCCCCCCCCCCCCCCC,402
LMGP06010318,CCCCC/C=C\C/C=C\CCCCCCCC(=O)OC[C@H](COP(=O)(O)O[C@H]1C(O)C(O)C(O)[C@@H](O)C1O)OC(=O)CCCCCCC/C=C\CCCCCCCC,354
LMGP06010958,CCCCC/C=C\C/C=C\C/C=C\C/C=C\CCCC(=O)O[C@H](COC(=O)CCCCCCCCCCCCCCC)COP(=O)(O)O[C@H]1C(O)C(O)C(O)[C@@H](O)C1O,342
LMGP06010870,CCCCC/C=C\C/C=C\C/C=C\C/C=C\CCCC(=O)O[C@H](COC(=O)CCCCCCC/C=C\CCCCCC)COP(=O)(O)O[C@H]1C(O)C(O)C(O)[C@@H](O)C1O,300
LMGP06010004,CCCCC/C=C\C/C=C\C/C=C\C/C=C\CCCC(=O)O[C@H](COC(=O)CCCCCCCCCCCCCCCC)COP(=O)(O)O[C@H]1C(O)C(O)C(O)[C@@H](O)C1O,372
LMGP06010568,CCCCC/C=C\C/C=C\C/C=C\CCCCCCC(=O)OC[C@H](COP(=O)(O)O[C@H]1C(O)C(O)C(O)[C@@H](O)C1O)OC(=O)CCCCCCCCCCCCCCCCC,414
LMGP06010010,CCCCC/C=C/C/C=C/C/C=C\C/C=C\CCCC(=O)O[C@H](COC(=O)CCCCCCCCCCCCCCCCC)COP(=O)(O)O[C@H]1C(O)C(O)C(O)[C@@H](O)C1O,396
LMGP06010849,CCCCC/C=C\C/C=C\C/C=C\C/C=C\CCCC(=O)O[C@H](COC(=O)CCCCCCC/C=C\CCCCCCCC)COP(=O)(O)O[C@H]1C(O)C(O)C(O)[C@@H](O)C1O,354
LMGP06010845,CCCCC/C=C\C/C=C\C/C=C\C/C=C\CCCC(=O)O[C@H](COC(=O)CCCCCCC/C=C\C/C=C\CCCCC)COP(=O)(O)O[C@H]1C(O)C(O)C(O)[C@@H](O)C1O,312
LMGP06010767,CCCCC/C=C\C/C=C\C/C=C\C/C=C\CCCCCC(=O)OC[C@H](COP(=O)(O)O[C@H]1C(O)C(O)C(O)[C@@H](O)C1O)OC(=O)CCCCCCCCCCCCCCCCC,426
LMGP06010012,CC/C=C\C/C=C\C/C=C\C/C=C\C/C=C\C/C=C\CCC(=O)O[C@H](COC(=O)CCCCCCCCCCCCCCCCC)COP(=O)(O)O[C@H]1C(O)C(O)C(O)[C@@H](O)C1O,384
LMGP03010025,CCCCCCCC/C=C\CCCCCCCC(=O)O[C@H](COC(=O)CCCCCCCCCCCCCCCCC)COP(=O)(O)OC[C@H](N)C(=O)O,444
LMGP03010031,CCCCC/C=C\C/C=C\CCCCCCCC(=O)O[C@H](COC(=O)CCCCCCCCCCCCCCCCC)COP(=O)(O)OC[C@H](N)C(=O)O,402
LMGP03010038,CCCCC/C=C\C/C=C\C/C=C\C/C=C\CCCC(=O)O[C@H](COC(=O)CCCCCCCCCCCCCCC)COP(=O)(O)OC[C@H](N)C(=O)O,348
LMGP03010885,CCCCC/C=C\C/C=C\C/C=C\CCCCCCC(=O)O[C@H](COC(=O)CCCCCCCCCCCCCCCCC)COP(=O)(O)OC[C@H](N)C(=O)O,420
LMGP03010039,CCCCC/C=C\C/C=C\C/C=C\C/C=C\CCCC(=O)O[C@H](COC(=O)CCCCCCCCCCCCCCCCC)COP(=O)(O)OC[C@H](N)C(=O)O,402
LMGP03010879,CCCCC/C=C\C/C=C\C/C=C\C/C=C\CCCC(=O)O[C@H](COC(=O)CCCCCCC/C=C\CCCCCCCC)COP(=O)(O)OC[C@H](N)C(=O)O,360
LMGP03010043,CC/C=C\C/C=C\C/C=C\C/C=C\C/C=C\C/C=C\CCC(=O)O[C@H](COC(=O)CCCCCCCCCCCCCCC)COP(=O)(O)OC[C@H](N)C(=O)O,336
LMGP03010883,CCCCC/C=C\C/C=C\C/C=C\C/C=C\CCCCCC(=O)O[C@H](COC(=O)CCCCCCCCCCCCCCCCC)COP(=O)(O)OC[C@H](N)C(=O)O,438
LMGP03010040,CC/C=C\C/C=C\C/C=C\C/C=C\C/C=C\C/C=C\CCC(=O)O[C@H](COC(=O)CCCCCCCCCCCCCCCCC)COP(=O)(O)OC[C@H](N)C(=O)O,390
LMGP03010045,CC/C=C\C/C=C\C/C=C\C/C=C\C/C=C\C/C=C\CCC(=O)O[C@H](COC(=O)CCCCCCC/C=C\CCCCCCCC)COP(=O)(O)OC[C@H](N)C(=O)O,342
LMSP03010004,CCCCCCCCCCCCCCCC(=O)N[C@@H](COP(=O)([O-])OCC[N+](C)(C)C)[C@H](O)CCCCCCCCCCCCCCC,420
LMSP03010003,CCCCCCCCCCCCC/C=C/[C@@H](O)[C@H](COP(=O)([O-])OCC[N+](C)(C)C)NC(=O)CCCCCCCCCCCCCCC,396
LMSP03010041,CCCCCC/C=C\CCCCCCCC(=O)N[C@@H](COP(=O)([O-])OCC[N+](C)(C)C)[C@H](O)/C=C/CCCCCCCCCCCCC,348
LMSP03010001,CCCCCCCCCCCCC/C=C/[C@@H](O)[C@H](COP(=O)([O-])OCC[N+](C)(C)C)NC(=O)CCCCCCCCCCCCCCCCC,450
LMSP03010005,CCCCCCCCCCCCC/C=C/[C@@H](O)[C@H](COP(=O)([O-])OCC[N+](C)(C)C)NC(=O)CCCCCCCCCCCCCCCCCCC,504
LMSP03010006,CCCCCCCCCCCCC/C=C/[C@@H](O)[C@H](COP(=O)([O-])OCC[N+](C)(C)C)NC(=O)CCCCCCCCCCCCCCCCCCCCC,558
LMSP03010072,CCCCCCCC/C=C\CCCCCCCCCCCC(=O)N[C@@H](COP(=O)([O-])OCC[N+](C)(C)C)[C@H](O)/C=C/CCCCCCCCCCCCC,522
LMSP03010078,CCCCCCCCCCCCC/C=C/[C@@H](O)[C@H](COP(=O)([O-])OCC[N+](C)(C)C)NC(=O)CCCCCCCCCCCCCCCCCCCCCC,576
LMSP03010008,CCCCCCCCCCCCC/C=C/[C@@H](O)[C@H](COP(=O)([O-])OCC[N+](C)(C)C)NC(=O)CCCCCCCCCCCCCCCCCCCCCCC,600
LMSP03010007,CCCCCCCC/C=C/CCCCCCCCCCCCCC(=O)N[C@@H](COP(=O)([O-])OCC[N+](C)(C)C)[C@H](O)/C=C/CCCCCCCCCCCCC,552
LMFA01010010,CCCCCCCCCC(=O)O,66
LMFA01010011,CCCCCCCCCCC(=O)O,72
LMFA01010012,CCCCCCCCCCCC(=O)O,81
LMFA01010013,CCCCCCCCCCCCC(=O)O,90
LMFA01010014,CCCCCCCCCCCCCC(=O)O,99
LMFA01030250,CCCC/C=C/CCCCCCCC(=O)O,84
LMFA01010015,CCCCCCCCCCCCCCC(=O)O,111
LMFA01010001,CCCCCCCCCCCCCCCC(=O)O,126
LMFA01030057,CCCCCC/C=C/CCCCCCCC(=O)O,108
LMFA01010017,CCCCCCCCCCCCCCCCC(=O)O,144
LMFA01030289,CCCCCCC/C=C/CCCCCCCC(=O)O,120
LMFA01010018,CCCCCCCCCCCCCCCCCC(=O)O,171
LMFA01030073,CCCCCCCC/C=C/CCCCCCCC(=O)O,138
LMFA01030120,CCCCC/C=C\C/C=C\CCCCCCCC(=O)O,114
LMFA01030152,CC/C=C/C/C=C\C/C=C\CCCCCCCC(=O)O,96
LMFA01010019,CCCCCCCCCCCCCCCCCCC(=O)O,198
LMFA01010020,CCCCCCCCCCCCCCCCCCCC(=O)O,228
LMFA01030700,CCCCCCCCCC/C=C/CCCCCCCC(=O)O,180
LMFA01030377,CCCCCCCC/C=C\C/C=C\CCCCCCC(=O)O,144
LMFA01030158,CCCCC/C=C\C/C=C\C/C=C\CCCCCCC(=O)O,120
LMFA01030391,CCCCC/C=C\C/C=C\C/C=C\CC/C=C\CCC(=O)O,108
LMFA01030759,CC/C=C\C/C=C\C/C=C\C/C=C\C/C=C\CCCC(=O)O,90
LMFA01010022,CCCCCCCCCCCCCCCCCCCCCC(=O)O,300
LMFA01030088,CCCCCCCCCC/C=C\CCCCCCCCCC(=O)O,234
LMFA01030861,CCCCCC/C=C\CCCCCC/C=C\CCCCCC(=O)O,192
LMFA01030409,CCCCCC/C=C\CCCC/C=C\CCCC/C=C\CC(=O)O,162
LMFA01030178,CCCCC/C=C\C/C=C\C/C=C\C/C=C\CCCCCC(=O)O,132
LMFA04000044,CC/C=C\C/C=C\C/C=C\C/C=C\C/C=C\CCCCCC(=O)O,108
LMFA01030185,CC/C=C\C/C=C\C/C=C\C/C=C\C/C=C\C/C=C\CCC(=O)O,99
LMFA01010023,CCCCCCCCCCCCCCCCCCCCCCC(=O)O,330
LMFA01010024,CCCCCCCCCCCCCCCCCCCCCCCC(=O)O,366
LMFA01010026,CCCCCCCCCCCCCCCCCCCCCCCCCC(=O)O,432
unident001,CCCCCC/C=C\CCCCCCCCOC[C@@H](O)COP(=O)(O)OCCN,120
unident002,CCC=CCC=CCC=CCC=CCC=CCCCCCC(=O)OCC(COP(=O)(O)OCCN)OC(=O)CCCCCCCCCCCCCCCCC,492
unident003,CCCCC/C=C\C/C=C\C/C=C\C/C=C\C/C=C\CCC(=O)O[C@H](CO/C=C\CCCCCCCCCCCCCC)COP(=O)(O)OCCN,450
unident004,CCCCC/C=C\C/C=C\C/C=C\C/C=C\C/C=C\CCC(=O)O[C@H](CO/C=C\CCCCCCCCCCCCCC)COP(=O)(O)OCCN,474
unident005,CCCCCC=CCC=CCCCCCCC=COCC(COP(=O)(O)OCCN)OC(=O)CCC=CCC=CCC=CCC=CCCCCCC,420
unident006,CCCCC/C=C\C/C=C\C/C=C\C/C=C\C/C=C\CCC(=O)O[C@H](CO/C=C\CCCCCCCCCCCCCCCC)COP(=O)(O)OCCN,522
unident007,CCCCC/C=C\C/C=C\C/C=C\C/C=C\C/C=C\CCC(=O)O[C@H](COC(=O)CCCCCCCCCCCCCCCCC)COP(=O)(O)OC[C@H](N)C(=O)O,402
unident008,CCCCCCC/C=C\CCCCCCCCCCCCCC(=O)N[C@@H](COP(=O)([O-])OCC[N+](C)(C)C)[C@H](O)/C=C/CCCCCCCCCCCCC,528
unident009,CCCCC/C=C\C/C=C\CCCCCCCCCCCCCC(=O)N[C@@H](COP(=O)([O-])OCC[N+](C)(C)C)[C@H](O)/C=C/CCCCCCCCCCCCC,516
