IDENTIFIER,inchi
LMFA00000001,C=CCCCCC(C)CCCCCC#CCCC(OC)C(=O)OC(=O)C(CCC#CCCCCCC(C)CCCCC=C)OC
LMFA00000002,CCCCCCC[C@H](O)CC(=O)N[C@@H](CO)C(=O)O
LMFA00000003,CCCCCCCCCCCCCCCC(=O)OC(CCCCCCCCCCCCCC)CC(=O)N[C@@H](CCCN)C(=O)O
LMFA00000004,CC/C=C\C/C=C\C/C=C\CCCCCCCC(=O)N[C@@H](CCC(N)=O)C(=O)O
LMFA00000005,CC(C)CCCCCCCCCCCCCC(=O)OC(CCCCCCCCCCCC(C)C)CC(=O)N[C@H](CO)C(=O)O
LMFA00000006,CC(C)CCCCCCCCCCC(O)CC(=O)N[C@@H](CCCCN)C(=O)OCCOC(=O)C(O)CCCCCCCCCCC(C)C
LMFA00000007,CCCCCCCCCC(=O)NO
LMFA00000008,CCCCCCCC[C@H](O)[C@H](CCCCCCCC(=O)O)OP(=O)(O)O
LMFA00000009,NCCCCCC(=O)NCCCCCC(=O)O
LMFA00000014,CCCCC/C=C\C/C=C\C/C=C\C/C=C\CCCC(=O)OCCN
LMFA00000015,CCCCCCCCCCCCCCCCC/C=C\C(=O)NCCCC[C@H](NC(=O)[C@]1(C)COC(c2ccccc2O)=N1)C(=O)O[C@H](C)CC(=O)N[C@H]1CCCCNC1=O
LMFA00000016,CCCCCCCCC(CCCCCCCCCCCCCOS(=O)(=O)O)OS(=O)(=O)O
LMFA00000017,CCCCCCCCC(OS(=O)(=O)O)C(Cl)CCCCCCCCCCCCOS(=O)(=O)O
LMFA00000018,CCCCCCCC(Cl)C(CCC(Cl)CCCCCCCCCCOS(=O)(=O)O)OS(=O)(=O)O
LMFA00000019,CCCCCCC(Cl)C(Cl)C(OS(=O)(=O)O)C(Cl)CC(Cl)CCCCCCCCC(Cl)(Cl)COS(=O)(=O)O
LMFA00000020,CCCCCCCC(Cl)C(OS(=O)(=O)O)C(Cl)CC(Cl)CCCCCCCCC(Cl)(Cl)COS(=O)(=O)O
LMFA00000021,CCCCCCC(Cl)CC(OS(=O)(=O)O)C(Cl)CC(Cl)CCCCCCCCC(Cl)(Cl)COS(=O)(=O)O
LMFA00000022,CCCCCCCCC(CCCCCCCCCCCC(Cl)(Cl)COS(=O)(=O)O)OS(=O)(=O)O
LMFA00000023,CCCCCCCCCC(OS(=O)(=O)O)C(Cl)CCCCCCCCCCCCCOS(=O)(=O)O
LMFA00000024,CCCCCCCC(Cl)C(Cl)C(OS(=O)(=O)O)C(Cl)CC(Cl)CCCCCCCCCC(Cl)COS(=O)(=O)O
LMFA00000025,CCCCCCCC(Cl)C(Cl)C(OS(=O)(=O)O)C(Cl)CC(Cl)CCCCCCCCCC(Cl)(Cl)COS(=O)(=O)O
LMFA00000026,CCCCCCCCC(Cl)C(Cl)C(O)C(Cl)C(Cl)C(Cl)CCCCCCCC/C=C\OS(=O)(=O)O
LMFA01010001,CCCCCCCCCCCCCCCC(=O)O
LMFA01010002,CC(=O)O
LMFA01010003,CCC(=O)O
LMFA01010004,CCCC(=O)O
LMFA01010005,CCCCC(=O)O
LMFA01010006,CCCCCC(=O)O
LMFA01010007,CCCCCCC(=O)O
LMFA01010008,CCCCCCCC(=O)O
LMFA01010009,CCCCCCCCC(=O)O
LMFA01010010,CCCCCCCCCC(=O)O
LMFA01010011,CCCCCCCCCCC(=O)O
LMFA01010012,CCCCCCCCCCCC(=O)O
LMFA01010013,CCCCCCCCCCCCC(=O)O
LMFA01010014,CCCCCCCCCCCCCC(=O)O
LMFA01010015,CCCCCCCCCCCCCCC(=O)O
LMFA01010017,CCCCCCCCCCCCCCCCC(=O)O
LMFA01010018,CCCCCCCCCCCCCCCCCC(=O)O
LMFA01010019,CCCCCCCCCCCCCCCCCCC(=O)O
LMFA01010020,CCCCCCCCCCCCCCCCCCCC(=O)O
LMFA01010021,CCCCCCCCCCCCCCCCCCCCC(=O)O
LMFA01010022,CCCCCCCCCCCCCCCCCCCCCC(=O)O
LMFA01010023,CCCCCCCCCCCCCCCCCCCCCCC(=O)O
LMFA01010024,CCCCCCCCCCCCCCCCCCCCCCCC(=O)O
LMFA01010025,CCCCCCCCCCCCCCCCCCCCCCCCC(=O)O
LMFA01010026,CCCCCCCCCCCCCCCCCCCCCCCCCC(=O)O
LMFA01010027,CCCCCCCCCCCCCCCCCCCCCCCCCCC(=O)O
LMFA01010028,CCCCCCCCCCCCCCCCCCCCCCCCCCCC(=O)O
LMFA01010029,CCCCCCCCCCCCCCCCCCCCCCCCCCCCC(=O)O
LMFA01010030,CCCCCCCCCCCCCCCCCCCCCCCCCCCCCC(=O)O
LMFA01010031,CCCCCCCCCCCCCCCCCCCCCCCCCCCCCCC(=O)O
LMFA01010032,CCCCCCCCCCCCCCCCCCCCCCCCCCCCCCCC(=O)O
LMFA01010033,CCCCCCCCCCCCCCCCCCCCCCCCCCCCCCCCC(=O)O
LMFA01010034,CCCCCCCCCCCCCCCCCCCCCCCCCCCCCCCCCC(=O)O
LMFA01010035,CCCCCCCCCCCCCCCCCCCCCCCCCCCCCCCCCCC(=O)O
LMFA01010036,CCCCCCCCCCCCCCCCCCCCCCCCCCCCCCCCCCCC(=O)O
LMFA01010037,CCCCCCCCCCCCCCCCCCCCCCCCCCCCCCCCCCCCC(=O)O
LMFA01010038,CCCCCCCCCCCCCCCCCCCCCCCCCCCCCCCCCCCCCC(=O)O
LMFA01010039,CCCCCCCCCCCCCCCCCCCCCCCCCCCCCCCCCCCCCCCCCCCCCC(=O)O
LMFA01010043,[2H]C([2H])([2H])CCCCCCCCCCC(=O)O
LMFA01010044,[2H]C([2H])([2H])CCCCCCCCCCCCC(=O)O
LMFA01010045,[2H]C([2H])([2H])CCCCCCCCCCCCCC(=O)O
LMFA01010046,[2H]C([2H])([2H])CCCCCCCCCCCCCCC(=O)O
LMFA01010047,[2H]C([2H])([2H])CCCCCCCCCCCCCCCCC(=O)O
LMFA01010048,[2H]C([2H])([2H])CCCCCCCCCCCCCCCC(=O)O
LMFA01010049,[2H]C([2H])([2H])CCCCCCCCCCCCCCCCCCC(=O)O
LMFA01010050,[2H]C([2H])([2H])CCCCCCCCCCCCCCCCCCCCC(=O)O
LMFA01010051,[2H]C([2H])([2H])CCCCCCCCCCCCCCCCCCCCCCC(=O)O
LMFA01010052,[2H]C([2H])([2H])CCCCCCCCCCCCCCCCCCCCCCCCC(=O)O
LMFA01010053,CCCCCCC[C@H](C)C[C@@H](C)CC(=O)O
LMFA01020001,CC(C)CCCCCCCCC/C=C\CCCCC(=O)O
LMFA01020002,CCC(C)CCCCC(=O)O
LMFA01020003,CC(C)CCCCCC(=O)O
LMFA01020004,CC(C)CCCCCCCCC(=O)O
LMFA01020005,CCC(C)CCCCCCCCC(=O)O
LMFA01020006,CC(C)CCCCCCCCCC(=O)O
LMFA01020007,CC(C)CCCCCCCCCCC(=O)O
LMFA01020008,CCC(C)CCCCCCCCCCC(=O)O
LMFA01020009,CC(C)CCCCCCCCCCCC(=O)O
LMFA01020010,CC(C)CCCCCCCCCCCCC(=O)O
LMFA01020011,CCC(C)CCCCCCCCCCCCC(=O)O
LMFA01020012,CC(C)CCCCCCCCCCCCCC(=O)O
LMFA01020013,CCCCCCCC(C)CCCCCCCCC(=O)O
LMFA01020014,CC(C)CCCCCCCCCCCCCCC(=O)O
LMFA01020015,CCCCCCCC[C@@H](C)CCCCCCCCC(=O)O
LMFA01020016,CCC(C)CCCCCCCCCCCCCCC(=O)O
LMFA01020017,CC(C)CCCCCCCCCCCCCCCCC(=O)O
LMFA01020018,CCC(C)CCCCCCCCCCCCCCCCC(=O)O
LMFA01020019,CC(C)CCCCCCCCCCCCCCCCCCC(=O)O
LMFA01020020,CCC(C)CCCCCCCCCCCCCCCCCCC(=O)O
LMFA01020021,CC(C)CCCCCCCCCCCCCCCCCCCCC(=O)O
LMFA01020022,CCCCC(C)CCCCCC(C)CCCCCCCCCC(C)CC(=O)O
LMFA01020023,CC(C)CCCCCCCCCCCCCCCCCCCCCC(=O)O
LMFA01020024,CC(C)CCCCCCCCCCCCCCCCCCCCCCC(=O)O
LMFA01020025,CCC(C)CCCCCCCCCCCCCCCCCCCCCCC(=O)O
LMFA01020026,CC(C)CCCCCCCCCCCCCCCCCCCCCCCCC(=O)O
LMFA01020027,CCCCCCCCCCCCCCCCCCCCCCC(C)CC(C)CC(C)C(=O)O
LMFA01020028,CCC(C)CCCCCCCCCCCCCCCCCCCCCCCCCCC(=O)O
LMFA01020029,C/C=C(/C)C(=O)O
LMFA01020030,C/C=C(\C)C(=O)O
LMFA01020031,CC(C)=CCC(=O)O
LMFA01020032,CCCCCCCCCCCCCCCCCCC(C)CC(C)/C=C(\C)C(=O)O
LMFA01020033,CCCCCCCCCCCCCC(C)CCCC(C)C(=O)O
LMFA01020034,CCCCCC(C)CCCC(C)C(=O)O
LMFA01020035,CCCCCCC(C)CCCC(C)C(=O)O
LMFA01020036,CCCCC(C)CCCC(C)CCC(=O)O
LMFA01020037,CC(C)CCCCCCCC(C)CCC(=O)O
LMFA01020038,CCCCCCCCC(C)CCCC(C)C(=O)O
LMFA01020039,CCCCCCC(C)CCCCCC(C)C(=O)O
LMFA01020040,CCCCCCCCCC(C)CCCC(C)C(=O)O
LMFA01020041,CCCCCCCC(C)CCCC(C)CCC(=O)O
LMFA01020042,CCCCCCCCCCC(C)CCCC(C)C(=O)O
LMFA01020043,CCCCCCCCC(C)CCCC(C)CCC(=O)O
LMFA01020044,CCC(C)CCCCCCCCCCCC(C)C(=O)O
LMFA01020045,CCC(C)CCCCCCCCCC(C)CCC(=O)O
LMFA01020046,CCC(C)CCCCCCCC(C)CCCCC(=O)O
LMFA01020047,CCCC(C)CCCCCCCCCC(C)CCC(=O)O
LMFA01020048,CCCCC(C)CCCCCCCCCCCC(C)C(=O)O
LMFA01020049,CCCCC(C)CCCCCCCCCC(C)CCC(=O)O
LMFA01020050,CCCCC(C)CCCCCCCC(C)CCCCC(=O)O
LMFA01020051,CCC(C)CCCCCCCCCCCC(C)CCC(=O)O
LMFA01020052,CCC(C)CCCCCCCCCC(C)CCCCC(=O)O
LMFA01020053,CCCCCCCCCC(C)C(=O)O
LMFA01020054,CCCCCCCCC(C)CC(=O)O
LMFA01020055,CCCCCCCC(C)CCC(=O)O
LMFA01020056,CCCCCCC(C)CCCC(=O)O
LMFA01020057,CCCCCC(C)CCCCC(=O)O
LMFA01020058,CCCC(C)CCCCCCC(=O)O
LMFA01020059,CCC(C)CCCCCCCC(=O)O
LMFA01020061,CCCCCCCCCCC(C)C(=O)O
LMFA01020062,CCCCCCCCCC(C)CC(=O)O
LMFA01020063,CCCCCCCCC(C)CCC(=O)O
LMFA01020064,CCCCCCCC(C)CCCC(=O)O
LMFA01020065,CCCCCCC(C)CCCCC(=O)O
LMFA01020066,CCCCCC(C)CCCCCC(=O)O
LMFA01020067,CCCCC(C)CCCCCCC(=O)O
LMFA01020068,CCCC(C)CCCCCCCC(=O)O
LMFA01020069,CCCCCCCCCCCC(C)C(=O)O
LMFA01020070,CCCCCCCCCC(C)CCC(=O)O
LMFA01020071,CC(C)C(=O)O
LMFA01020072,CCC(C)C(=O)O
LMFA01020073,CC(C)(C)C(=O)O
LMFA01020074,CCCC(C)C(=O)O
LMFA01020075,CCC(C)CC(=O)O
LMFA01020076,CC(C)CCC(=O)O
LMFA01020077,CCC(CC)C(=O)O
LMFA01020078,CCC(C)(C)C(=O)O
LMFA01020079,CC(C)(C)CC(=O)O
LMFA01020080,CCCCC(C)C(=O)O
LMFA01020081,CCCC(C)CC(=O)O
LMFA01020082,CCC(C)CCC(=O)O
LMFA01020083,CC(C)CCCC(=O)O
LMFA01020084,CCCC(CC)C(=O)O
LMFA01020085,CCCC(C)(C)C(=O)O
LMFA01020086,CCC(C)(C)CC(=O)O
LMFA01020087,CCCCC(CC)C(=O)O
LMFA01020088,CCCCCCC(C)C(=O)O
LMFA01020089,CCCCCCCC(C)C(=O)O
LMFA01020090,CCCCCCCCC(C)C(=O)O
LMFA01020091,CCCCCCCCCCCCC(C)C(=O)O
LMFA01020092,CCCCCCCCCCCCCCC(C)C(=O)O
LMFA01020093,CCCCCCCCCCCCCCCC(C)C(=O)O
LMFA01020094,CC(C)(C)CCCCCCCCCCCCCC(=O)O
LMFA01020095,CCCCCCCCCCCCCCCCC(C)C(=O)O
LMFA01020096,CC(C)CCCCCCCCCCCCCCCC(=O)O
LMFA01020097,CC(C)=CC(=O)O
LMFA01020098,C=C(C)CCC(=O)O
LMFA01020099,C=CC(C)(C)C(=O)O
LMFA01020100,CCC/C=C(/C)C(=O)O
LMFA01020101,CCC/C=C(\C)C(=O)O
LMFA01020102,CCCC/C=C(/C)C(=O)O
LMFA01020103,CC/C(C)=C/CCCC(=O)O
LMFA01020104,CC(C)=CCCC(C)CC(=O)O
LMFA01020105,C/C(=C\C(=O)O)CCCC(C)C
LMFA01020106,CCCCCCC(C)C/C=C/C(=O)O
LMFA01020107,CCCCCCCCC/C=C(\C)C(=O)O
LMFA01020108,CCCCCCCCC(C)C/C=C/C(=O)O
LMFA01020109,CCCCCCCCC(C)C/C=C(\C)C(=O)O
LMFA01020110,C=C(C)CC(=O)O
LMFA01020111,C=C(CC)C(=O)O
LMFA01020112,CC(C)C=CC(=O)O
LMFA01020113,C=CC(C)CC(=O)O
LMFA01020114,CC/C(C)=C\C(=O)O
LMFA01020115,C/C=C(/C)CC(=O)O
LMFA01020116,CC(C)=C(C)C(=O)O
LMFA01020117,C=C(C)CCCC(=O)O
LMFA01020118,C=C(CCCC)C(=O)O
LMFA01020119,CC(C)(C)/C=C/C(=O)O
LMFA01020120,CC(C)(C)/C=C\C(=O)O
LMFA01020121,C=CCC(C)(C)C(=O)O
LMFA01020122,C/C=C(/C(=O)O)C(C)C
LMFA01020123,C=C(CC(=O)O)C(C)C
LMFA01020124,CC(C)=CCCCC(=O)O
LMFA01020125,CC/C=C/C(CC)C(=O)O
LMFA01020126,C=C(CC(=O)O)C(C)(C)C
LMFA01020127,C=CC(CCCCC)C(=O)O
LMFA01020128,CCCCCC/C(C)=C/C(=O)O
LMFA01020129,CC(C)=CCCCC(C)C(=O)O
LMFA01020130,CCC(C)/C=C/CCC(C)C(=O)O
LMFA01020131,CCCCC(/C=C(\C)C(=O)O)CC
LMFA01020132,CCCCCCCCC(C)/C=C(\C)C(=O)O
LMFA01020133,CCCCCCCCCCC(C)/C=C(\C)C(=O)O
LMFA01020134,CCCCCCCCCCCCCCCCC(C)/C=C(\C)C(=O)O
LMFA01020135,CCCCCCCC/C=C\CCCCCCC(CCC)C(=O)O
LMFA01020136,CCCCCCCCCCCCCCCCC/C=C(\C)C(=O)O
LMFA01020138,CCCCCCCC(/C=C(\C)C(=O)O)CCCCCCC
LMFA01020139,CCCCCCCCCCCCC(C)C/C=C(\C)C(=O)O
LMFA01020140,CC(C)CCCCCCCC/C=C\CCC(=O)O
LMFA01020141,CCCCCCC/C=C(\CCCCCC)C(=O)O
LMFA01020142,CC(C)CCC(=CCCCC(=O)O)CCC(C)C
LMFA01020143,C=C(CCCCCCCCCC)C(=O)O
LMFA01020144,CC(C)(C)CCC(=O)O
LMFA01020145,CC(C)C(C)CC(=O)O
LMFA01020146,CCC(C)(CC)C(=O)O
LMFA01020147,CCCCC(C)CC(=O)O
LMFA01020148,CCC(C)CCCC(=O)O
LMFA01020149,CCC(CC)CCC(=O)O
LMFA01020150,CCCCC(C)(C)C(=O)O
LMFA01020151,CCCC(C)(CC)C(=O)O
LMFA01020152,CCCCC(C(=O)O)C(C)C
LMFA01020153,CC(CC(=O)O)CC(C)(C)C
LMFA01020154,CCCCCCC(C)CC(=O)O
LMFA01020155,CCCCCCC(C)(C)CC(=O)O
LMFA01020156,CCCCCCCC[C@@H](C)CC(=O)O
LMFA01020157,CCCCCCCC[C@@H](C)CCC(=O)O
LMFA01020158,CCCCCCCCCCC(CC)C(=O)O
LMFA01020159,CCCCC(C)CCCCCCCC(=O)O
LMFA01020160,CCCCCC(CC)CCCCCC(=O)O
LMFA01020161,CCCCCCCCC(C)CC(C)C(=O)O
LMFA01020162,CCCCCCCCCCCC(C)CC(=O)O
LMFA01020163,CCCC(C)CCCCCCCCCC(=O)O
LMFA01020164,CCCCCCCCCCCCC(C)CC(=O)O
LMFA01020165,CCCCCCCCCCCC(CCC)C(=O)O
LMFA01020166,CCCCCCCCC(CCCCCC)C(=O)O
LMFA01020167,CCCCCCCCCCC(C)(CC)CC(=O)O
LMFA01020168,CCCCCCCC(CCCCCCC)C(=O)O
LMFA01020169,CCCCCCCCC(CC)CCCCC(=O)O
LMFA01020170,CCCCCCCCCCC(C)CC(C)C(=O)O
LMFA01020171,CCCCCCCCCC(C)CC(C)CC(=O)O
LMFA01020172,CCCCCCC(CCCCCC)CCC(=O)O
LMFA01020173,CCCCCCCCC(CC)(CCCC)C(=O)O
LMFA01020175,CC(C)CCCC(C)CCCCCCCCCC(=O)O
LMFA01020176,CCCC(C)CCCCCCCCCCCCCC(=O)O
LMFA01020177,CCCCCCCCCCCCC(C)CCCCC(=O)O
LMFA01020181,CC(C)CC(=O)O
LMFA01020182,CCCCCCCC(C)CC(=O)O
LMFA01020183,CCCCCCC(C)CCC(=O)O
LMFA01020184,CCCCCC(C)CCCC(=O)O
LMFA01020185,CCCCC(C)CCCCC(=O)O
LMFA01020186,CCCC(C)CCCCCC(=O)O
LMFA01020187,CCC(C)CCCCCCC(=O)O
LMFA01020188,CC(C)CCCCCCCC(=O)O
LMFA01020189,CCCCCCCC(C)CCC(C)C(=O)O
LMFA01020190,CCC(C)CCCCCCCCCC(=O)O
LMFA01020191,CCCCCCCCCCC(C)CC(=O)O
LMFA01020192,CCC(C)CCCCCCCCCCCC(=O)O
LMFA01020193,CCCCCCC(C)CCCCCCCCC(=O)O
LMFA01020194,CCCCCC(C)CCCCCCCCCC(=O)O
LMFA01020195,CCCCC(C)CCCCCCCCCCC(=O)O
LMFA01020196,CCCC(C)CCCCCCCCCCCC(=O)O
LMFA01020197,CCCCCCCCCCCCCC(C)CC(=O)O
LMFA01020198,CCCCCCCCCCCCC(C)CCC(=O)O
LMFA01020199,CCCCCCCCCCCC(C)CCCC(=O)O
LMFA01020200,CCCCCCCCCC(C)CCCCCC(=O)O
LMFA01020201,CCCCCCCCC(C)CCCCCCC(=O)O
LMFA01020202,CCCCCCCC(C)CCCCCCCC(=O)O
LMFA01020203,CCCCCCCCC/C(C)=C/CCCCC(=O)O
LMFA01020204,CCC(C)CCCC/C=C/CCCCCCC(=O)O
LMFA01020205,CCC(C)CCCCCCCCCCCCCC(=O)O
LMFA01020206,C=CCCCCCCCCCCCCCC(C)C(=O)O
LMFA01020207,CC(C)CCCCC/C=C\C/C=C\CCCCC(=O)O
LMFA01020208,CC(C)CC/C=C\C/C=C\CCCCCCCC(=O)O
LMFA01020209,CC(C)CC/C=C\C/C=C\C/C=C\CCCCC(=O)O
LMFA01020210,CCCCCCCC(C)CCCCCCCCCC(=O)O
LMFA01020211,CCCCCCC(C)CCCCCCCCCCC(=O)O
LMFA01020212,CCCCCC(C)CCCCCCCCCCCC(=O)O
LMFA01020213,CCCCC(C)CCCCCCCCCCCCC(=O)O
LMFA01020214,CCCCCCCCCCCCCCCC(C)CC(=O)O
LMFA01020215,CCCCCCCCCCCCCCC(C)CCC(=O)O
LMFA01020216,CCCCCCCCCCCCCC(C)CCCC(=O)O
LMFA01020217,CCCCCCCCCCCC(C)CCCCCC(=O)O
LMFA01020218,CCCCCCCCCCC(C)CCCCCCC(=O)O
LMFA01020219,CCCCCCCCCC(C)CCCCCCCC(=O)O
LMFA01020220,CCC(C)CCCCCCCCCCCCCCCC(=O)O
LMFA01020221,CC(C)CC/C=C\C/C=C\C/C=C\CCCCCCC(=O)O
LMFA01020222,CC(C)CC/C=C\C/C=C\C/C=C\C/C=C\CCCC(=O)O
LMFA01020223,CC(C)CCCCCCCCCCCCCCCCCC(=O)O
LMFA01020224,CC(C)CCCCCCCC/C=C/CC/C=C/CCCC(=O)O
LMFA01020225,CCC(C)CCCCCCC/C=C\CC/C=C\CCCC(=O)O
LMFA01020226,CC(C)CCCCCCCC/C=C\CC/C=C\CCCC(=O)O
LMFA01020227,CCC(C)CCCCCCCCCCCCCCCCCC(=O)O
LMFA01020228,CCCCCCCCCCCCCCCCCCC(C)CC(=O)O
LMFA01020229,CCCCCCCCCCCCCCCCCCC(C)CC(C)C(=O)O
LMFA01020230,CC(C)CCCCCCCCCCCCCCCCCCCC(=O)O
LMFA01020231,CCCCCCCC(C)CCCCCCCCCCCC(C)CC(=O)O
LMFA01020232,CCC(C)CCCCCCCCCCCCCCCCCCCC(=O)O
LMFA01020233,CC(C)CCCCCCCCCCCC/C=C\CC/C=C\CCCC(=O)O
LMFA01020234,CCCCCCCCCCCCCCCCCCC(C)C(C)CCCCCCCC(=O)O
LMFA01020242,CC(C)CCCCC(=O)O
LMFA01020243,CCCCCC(C)CC(=O)O
LMFA01020244,CCCCC(C)CCC(=O)O
LMFA01020245,CCCC(C)CCCC(=O)O
LMFA01020246,CCC(C)CCCCCC(=O)O
LMFA01020247,CC(C)CCCCCCC(=O)O
LMFA01020248,CC(C)CCCC(C)CCCC(C)CC(=O)O
LMFA01020249,CC(C)CCCC(C)CCCC(C)CCC(=O)O
LMFA01020253,CCCCCCCCCCC/C=C\C(C)(C)/C=C\CCCC(=O)O
LMFA01020254,CCCCCCCC/C=C\C/C=C\C(C)(C)/C=C\CCCC(=O)O
LMFA01020255,CCCCCCCC/C=C\C(C)(C)/C=C\C/C=C\CCCC(=O)O
LMFA01020256,CCCCCCCCCCCCCCCCCCCCCC(C)/C=C(\C)C(=O)O
LMFA01020261,CCCCC[C@@H](C)CCCC(=O)O
LMFA01020262,CCCCCCCCCC[C@@H](C)C(=O)O
LMFA01020263,C=C(CCCCCCCC)CCCCCCCCC(=O)O
LMFA01020264,CCCCCCCCCCCCCCCCCCCCCCC/C=C(\C)C(=O)O
LMFA01020265,CCCCCCCCCCCC[C@@H](C)CCC(=O)O
LMFA01020266,CCCCCC/C(C)=C/CCCCCCCC(=O)O
LMFA01020267,CC[C@@H](C)CCCC/C=C\CCCCCCC(=O)O
LMFA01020268,CC[C@@H](C)CCCC/C=C\CCCCCCC(=O)O
LMFA01020270,CC[C@H](C)CCCCC(=O)O
LMFA01020272,CCC(C)CC(C)CC(C)CC(C)C(=O)O
LMFA01020273,CCCCCCCCCCCCCCCCCCCCCCCCCCC(C)CC(C)CC(C)CC(C)C(=O)O
LMFA01020274,CC(C)C(=O)C(=O)O
LMFA01020275,CC[C@H](C)C(=O)C(=O)O
LMFA01020276,CC(C)C(=O)CC(=O)O
LMFA01020277,CC(C)(O)C(=O)C(=O)O
LMFA01020278,CCC(C)(O)C(=O)C(=O)O
LMFA01020279,CC[C@@]1(C)O[C@@H]1CC/C(C)=C/CC/C(C)=C/C(=O)O
LMFA01020280,CC[C@@H](C)C(=O)C(=O)O
LMFA01020281,CC(C)CCCCC(C)CCCCCCCC(=O)O
LMFA01020283,CCCC[C@@H](C)CC(=O)O
LMFA01020285,CC(C)CCCC(C)CCCC(C)C(=O)O
LMFA01020288,CC(C)CCCC(C)CCC(=O)O
LMFA01020289,CC(C)(C)CCCCCCCCCCCC(=O)O
LMFA01020290,CC(C)=CC[C@H](O)/C(C)=C/C=C/C(C)=C/[C@@](C)(O)C/C=C/C=C/C(=O)O
LMFA01020291,CCCC(CCC)C(=O)O
LMFA01020292,CCCC(C)CCCCCCCCCCCCC(=O)O
LMFA01020293,CCCCCCCCCCCCCCCCCC[C@H](C)C[C@H](C)C(=O)O
LMFA01020294,CCCCCCCCCCCCCCCCCCC[C@H](C)C[C@H](C)C(=O)O
LMFA01020295,CCCCCCCCCCCCCCCCCCCC[C@H](C)C[C@H](C)C(=O)O
LMFA01020296,CCCCCCCCCCCCCCCC[C@H](C)C[C@H](C)C[C@H](C)C[C@H](C)C[C@H](C)C(=O)O
LMFA01020297,CCCCCCCCCCCCCCCCCC[C@H](C)C[C@H](C)C[C@H](C)C[C@H](C)C[C@H](C)C(=O)O
LMFA01020298,CCCCCCCCCCCCCCCC[C@@H](C)C[C@@H](C)C[C@@H](C)C[C@@H](C)C[C@@H](C)C[C@@H](C)C(=O)O
LMFA01020299,CCCCCCCCCCCCCCCCCC[C@H](C)C[C@H](C)C[C@H](C)C[C@H](C)C[C@H](C)C[C@H](C)C(=O)O
LMFA01020300,CCCCCCCCCCCCCCCC[C@H](C)C[C@H](C)C[C@H](C)C[C@H](C)C[C@H](C)C[C@H](C)C[C@H](C)C(=O)O
LMFA01020301,CCCCCCCCCCCCCCCCCC[C@H](C)C[C@H](C)C[C@H](C)C[C@H](C)C[C@H](C)C[C@H](C)C[C@H](C)C(=O)O
LMFA01020302,CCCCCCCCCCCCCCCC[C@H](C)C[C@H](C)C[C@H](C)C[C@H](C)C[C@H](C)C[C@H](C)C[C@H](C)C[C@H](C)C(=O)O
LMFA01020303,CCCCCCCCCCCCCCCCCC[C@H](C)C[C@H](C)C[C@H](C)C[C@H](C)C[C@H](C)C[C@H](C)C[C@H](C)C[C@H](C)C(=O)O
LMFA01020304,CCCCCCCCCCCCCCCC[C@H](C)C[C@H](C)C[C@H](C)C[C@H](C)C[C@H](C)C[C@H](C)C[C@H](C)C[C@H](C)C[C@H](C)C(=O)O
LMFA01020305,CCCCCCCCCCCCCCCCCC[C@H](C)C[C@H](C)C[C@H](C)C[C@H](C)C[C@H](C)C[C@H](C)C[C@H](C)C[C@H](C)C[C@H](C)C(=O)O
LMFA01020306,CCCCCCCCCCCCCCCC[C@H](C)C[C@H](C)C[C@H](C)C[C@H](C)C[C@H](C)C[C@H](C)C[C@H](C)C[C@H](C)C[C@H](C)C[C@H](C)C(=O)O
LMFA01020307,CCCCCCCCCCCCCCCCCC[C@H](C)C[C@H](C)C[C@H](C)C[C@H](C)C[C@H](C)C[C@H](C)C[C@H](C)C[C@H](C)C[C@H](C)C[C@H](C)C(=O)O
LMFA01020308,CCCCCCCCCCCCCCCCCC[C@@H](C)C[C@@H](C)C(=O)O
LMFA01020309,CCCCCCCCCCCCCCCCCCC[C@@H](C)C[C@@H](C)C(=O)O
LMFA01020310,CCCCCCCCCCCCCCCCCCCC[C@H](C)C[C@H](C)C(=O)O
LMFA01020311,CCCCCCCCCCCCCCCCCC[C@@H](C)C[C@@H](C)C[C@@H](C)C(=O)O
LMFA01020312,CCCCCCCCCCCCCCCCCCC[C@@H](C)C[C@@H](C)C[C@@H](C)C(=O)O
LMFA01020313,CCCCCCCCCCCCCCCCCCCC[C@@H](C)C[C@@H](C)C[C@@H](C)C(=O)O
LMFA01020314,CCCCCCCCCCCCCCCCCC[C@@H](C)C[C@@H](C)C[C@@H](C)C[C@@H](C)C(=O)O
LMFA01020315,CCCCCCCCCCCCCCCCCCC[C@@H](C)C[C@@H](C)C[C@@H](C)C[C@@H](C)C(=O)O
LMFA01020316,CCCCCCCCCCCCCCCCCCCC[C@@H](C)C[C@@H](C)C[C@@H](C)C[C@@H](C)C(=O)O
LMFA01020317,CCCCCCCCCCCCCCCCCC[C@@H](C)C[C@@H](C)C[C@@H](C)C[C@@H](C)C[C@@H](C)C(=O)O
LMFA01020318,CCCCCCCCCCCCCCCCCCC[C@@H](C)C[C@@H](C)C[C@@H](C)C[C@@H](C)C[C@@H](C)C(=O)O
LMFA01020319,CCCCCCCCCCCCCCCCCCCC[C@@H](C)C[C@@H](C)C[C@@H](C)C[C@@H](C)C[C@@H](C)C(=O)O
LMFA01020320,CCCCCCCCCCCCCCCC(O)[C@H](C)C[C@H](C)C[C@H](C)C[C@H](C)C[C@H](C)C(=O)O
LMFA01020321,CCCCCCCCCCCCCCCCCC(O)[C@H](C)C[C@H](C)C[C@H](C)C[C@H](C)C[C@H](C)C(=O)O
LMFA01020322,CCCCCCCCCCCCCCCC(O)[C@H](C)C[C@H](C)C[C@H](C)C[C@H](C)C[C@H](C)C[C@H](C)C(=O)O
LMFA01020323,CCCCCCCCCCCCCCCCCC(O)[C@H](C)C[C@H](C)C[C@H](C)C[C@H](C)C[C@H](C)C[C@H](C)C(=O)O
LMFA01020324,CCCCCCCCCCCCCCCC(O)[C@H](C)C[C@H](C)C[C@H](C)C[C@H](C)C[C@H](C)C[C@H](C)C[C@H](C)C(=O)O
LMFA01020325,CCCCCCCCCCCCCCCCCC(O)[C@H](C)C[C@H](C)C[C@H](C)C[C@H](C)C[C@H](C)C[C@H](C)C[C@H](C)C(=O)O
LMFA01020326,CCCCCCCCCCCCCCCC(O)[C@H](C)C[C@H](C)C[C@H](C)C[C@H](C)C[C@H](C)C[C@H](C)C[C@H](C)C[C@H](C)C(=O)O
LMFA01020327,CCCCCCCCCCCCCCCCCC(O)[C@H](C)C[C@H](C)C[C@H](C)C[C@H](C)C[C@H](C)C[C@H](C)C[C@H](C)C[C@H](C)C(=O)O
LMFA01020328,CCCCCCCCCCCCCCCC(O)[C@H](C)C[C@H](C)C[C@H](C)C[C@H](C)C[C@H](C)C[C@H](C)C[C@H](C)C[C@H](C)C[C@H](C)C(=O)O
LMFA01020329,CCCCCCCCCCCCCCCCCC(O)[C@H](C)C[C@H](C)C[C@H](C)C[C@H](C)C[C@H](C)C[C@H](C)C[C@H](C)C[C@H](C)C[C@H](C)C(=O)O
LMFA01020330,CCCCCCCCCCCCCCCC(O)[C@@H](C)C[C@@H](C)C[C@@H](C)C[C@@H](C)C[C@@H](C)C[C@H](C)C[C@H](C)C[C@H](C)C[C@H](C)C[C@H](C)C(=O)O
LMFA01020331,CCCCCCCCCCCCCCCCCC(O)[C@H](C)C[C@H](C)C[C@H](C)C[C@H](C)C[C@H](C)C[C@H](C)C[C@H](C)C[C@H](C)C[C@H](C)C[C@H](C)C(=O)O
LMFA01020332,CCCCCCCCCCCCCCC[C@H](C)C[C@H](C)[C@H](O)[C@H](C)C(=O)O
LMFA01020333,CCCCCCCCCCCCCCCCC[C@H](C)C[C@H](C)[C@H](O)[C@H](C)C(=O)O
LMFA01020334,CCCCCCCCCCCCCCCCCC[C@H](C)C[C@H](C)[C@H](O)[C@H](C)C(=O)O
LMFA01020335,CCCCCCCCCCCCCCCCCCC[C@H](C)C[C@H](C)[C@H](O)[C@H](C)C(=O)O
LMFA01020336,CCCCCCCCCCCCCCCC[C@H](C)C[C@H](C)/C=C(\C)C(=O)O
LMFA01020337,CCCCCCCCCCCCCCCCCC[C@H](C)C[C@H](C)/C=C(\C)C(=O)O
LMFA01020338,CCCCCCCCCCCCCCCCCCC[C@H](C)C[C@H](C)/C=C(\C)C(=O)O
LMFA01020339,CCCCCCCCCCCCCCCCCCCC[C@H](C)C[C@H](C)/C=C(\C)C(=O)O
LMFA01020340,CC(C)CC/C=C\CCCCCCCCCCCC(=O)O
LMFA01020341,CC[C@H](C)CCCCCCCCCCC/C=C\C/C=C\C/C=C\C/C=C\C/C=C\CC/C=C\CCCC(=O)O
LMFA01020342,CCCCCCCCC(C)CCCCCCCCCC(=O)O
LMFA01020343,CCC(C)CCCCCCCCCCCCCCCCCCCCCC(=O)O
LMFA01020345,CC(C)(C)CCCCC(=O)O
LMFA01020346,CC(C)(C)CCCCCCC(=O)O
LMFA01020347,CC(C)(C)CCCCCCCCC(=O)O
LMFA01020348,CC(C)(C)CCCCCCCCCCC(=O)O
LMFA01020349,CCCCCCC(C)CCCCCCCCCCCCCCCCC(=O)O
LMFA01020350,CCCCCCCC(C)CCCCCCCCCCCCCCCC(=O)O
LMFA01020351,CCCCCCCC(C)CCCCCCCCCCCCCCCCC(=O)O
LMFA01020352,CCCCCCCCC(C)CCCCCCCCCCCCCCCC(=O)O
LMFA01020353,CCC(C)CCCCC(C)CCCCCCCCCCCCCCCC(=O)O
LMFA01020355,CC(C)CCC(C)CCCCCCCCC(=O)O
LMFA01020356,CCCCCCCCC(C)CCCCCCCCCCC(=O)O
LMFA01020357,CC(C)CCCCCCCCCCCCC/C=C\CC/C=C\CCCC(=O)O
LMFA01020358,CCC(C)CCCCCCCCCCCC/C=C\CC/C=C\CCCC(=O)O
LMFA01020359,CC(C)CCCCCCCCCCCCCC/C=C\CC/C=C\CCCC(=O)O
LMFA01020360,CCC(C)CCCCCCCCCCCCC/C=C\CC/C=C\CCCC(=O)O
LMFA01020361,CCC(C)CCCCCCCCCCCCCC/C=C/CC/C=C\CCCC(=O)O
LMFA01020362,CC(C)CCCCCCCCCCCCCCC/C=C\CC/C=C\CCCC(=O)O
LMFA01020363,CCCCCCCCCCCCCCCCC/C=C\CC/C=C\CCCC(=O)O
LMFA01020364,CCCCCCCCCCCCCCCCCC/C=C\CC/C=C\CCCC(=O)O
LMFA01020365,CC(C)CCCCCCCCCCCCCCCC/C=C\CC/C=C\CCCC(=O)O
LMFA01020366,CCC(C)CCCCCCCCCCCCCCCC/C=C\CC/C=C\CCCC(=O)O
LMFA01020367,C=C(CC/C=C\C=C\CC(C)C)C[C@@H](C)C/C(C)=C/C(=O)O
LMFA01020368,CC[C@H](C)/C=C/C(C)=C/C[C@H](C)/C=C/C=C/C(=O)O
LMFA01020369,CCCCCCCCCC[C@H](C)/C=C(C)/C=C/C(=O)O
LMFA01020370,CC[C@H](C)CCC=C/C(C)=C/[C@@H](C)C/C=C/C=C/C(=O)O
LMFA01020371,C=C/C(C)=C\C[C@@H](C)C=C(C)/C=C(C)\C=C\C=CC(=O)O
LMFA01020372,CC(C)CCCCCCCCCC/C=C\CCC(=O)O
LMFA01020373,CCCCCCCCC(C)C/C=C\CCCCC(=O)O
LMFA01020374,CCCC/C=C\CCCCC(C)CCCCCC(=O)O
LMFA01020375,CCCCCCC(C)CCCCCCCCCCC/C=C\CC/C=C\CCCC(=O)O
LMFA01020376,CCCCCCCC(C)CCCCCCCCCCC/C=C\CC/C=C\CCCC(=O)O
LMFA01020377,CCCCCCCCC[C@H](C)C/C(C)=C/C=C/C(=O)O
LMFA01020378,CCC(C)CCCCC/C=C/CC/C=C\CCCC(=O)O
LMFA01020379,CC(C)CCCCCC/C=C\CC/C=C\CCCC(=O)O
LMFA01020381,CC[C@@H](C)CC/C=C/C(C)=C/[C@H](C)CC/C=C/C=C/C(=O)O
LMFA01020382,CC(C)CCCCCCCC=CCCCCC(=O)O
LMFA01020383,CC(C)CCCCC/C=C\CCCCCCC(=O)O
LMFA01020384,CC(C)CCCC/C=C\CCCCCCCC(=O)O
LMFA01020385,CC(C)CCC/C=C\CCCCCCCCC(=O)O
LMFA01020386,CCCCC/C=C/C(C)CCCCCCCCCC(=O)O
LMFA01020387,CC(C)CCCCCCCC/C=C\CCCCCC(=O)O
LMFA01020388,CCCCCCCC(C)CC(C)CC(=O)O
LMFA01020389,CCCCCCCCC(C)CC(C)CC(=O)O
LMFA01020390,CCCCCCCCCCC(C)CC(C)CC(=O)O
LMFA01020391,CCCCCC(C)C(=O)O
LMFA01020392,CCCC/C(C)=C/C(=O)O
LMFA01030001,CCCCC/C=C\C/C=C\C/C=C\C/C=C\CCCC(=O)O
LMFA01030002,CCCCCCCC/C=C\CCCCCCCC(=O)O
LMFA01030003,[2H]/C(CCCCC)=C(\[2H])C/C([2H])=C(/[2H])C/C([2H])=C(/[2H])C/C([2H])=C(/[2H])CCCC(=O)O
LMFA01030004,C=CCC(=O)O
LMFA01030005,CC/C=C/C(=O)O
LMFA01030006,C/C=C/CC(=O)O
LMFA01030007,C=CCCC(=O)O
LMFA01030008,CCC/C=C/C(=O)O
LMFA01030009,CC/C=C/CC(=O)O
LMFA01030010,C/C=C/CCC(=O)O
LMFA01030011,C=CCCCC(=O)O
LMFA01030012,CCCC/C=C/C(=O)O
LMFA01030013,CCC/C=C/CC(=O)O
LMFA01030014,CC/C=C/CCC(=O)O
LMFA01030015,C/C=C/CCCC(=O)O
LMFA01030016,C=CCCCCC(=O)O
LMFA01030017,CCCCC/C=C\C(=O)O
LMFA01030018,CCCCC/C=C/C(=O)O
LMFA01030019,CCCC/C=C\CC(=O)O
LMFA01030020,CCCC/C=C/CC(=O)O
LMFA01030021,CCC/C=C\CCC(=O)O
LMFA01030022,CC/C=C\CCCC(=O)O
LMFA01030023,CC/C=C/CCCC(=O)O
LMFA01030024,C/C=C\CCCCC(=O)O
LMFA01030025,C/C=C/CCCCC(=O)O
LMFA01030026,CCCCCC/C=C\C(=O)O
LMFA01030027,CCCCC/C=C/CC(=O)O
LMFA01030028,C=CCCCCCCC(=O)O
LMFA01030029,CCCCCCC/C=C/C(=O)O
LMFA01030030,CCCCCC/C=C/CC(=O)O
LMFA01030031,CCCCC/C=C/CCC(=O)O
LMFA01030032,C/C=C/CCCCCCC(=O)O
LMFA01030033,C=CCCCCCCCC(=O)O
LMFA01030034,CCCCCCCC/C=C/C(=O)O
LMFA01030035,C/C=C/CCCCCCCC(=O)O
LMFA01030036,C=CCCCCCCCCC(=O)O
LMFA01030037,CCCCCCCCCC=CC(=O)O
LMFA01030038,CCCCCCC/C=C/CCC(=O)O
LMFA01030039,CCCCC/C=C/CCCCC(=O)O
LMFA01030040,CCCC/C=C/CCCCCC(=O)O
LMFA01030041,CC/C=C/CCCCCCCC(=O)O
LMFA01030042,C/C=C/CCCCCCCCC(=O)O
LMFA01030043,C=CCCCCCCCCCC(=O)O
LMFA01030044,CCCCCCCCCC/C=C/C(=O)O
LMFA01030045,C/C=C/CCCCCCCCCC(=O)O
LMFA01030046,C=CCCCCCCCCCCC(=O)O
LMFA01030047,CCCCCCCCCCC/C=C/C(=O)O
LMFA01030048,CCCCCCCCC/C=C/CCC(=O)O
LMFA01030050,CCCCC/C=C\CCCCCCC(=O)O
LMFA01030051,CCCC/C=C\CCCCCCCC(=O)O
LMFA01030052,CCCCCCCCCCCC/C=C/C(=O)O
LMFA01030053,C=CCCCCCCCCCCCCC(=O)O
LMFA01030054,CCCCCCCCCCCCC/C=C/C(=O)O
LMFA01030055,CCCCCCCCC/C=C/CCCCC(=O)O
LMFA01030056,CCCCCC/C=C\CCCCCCCC(=O)O
LMFA01030057,CCCCCC/C=C/CCCCCCCC(=O)O
LMFA01030058,CCCCC/C=C\CCCCCCCCC(=O)O
LMFA01030059,CCCCCCCCCCCCCC/C=C/C(=O)O
LMFA01030060,CCCCCCC/C=C\CCCCCCCC(=O)O
LMFA01030061,CCCCCCCCCCCCCCC/C=C\C(=O)O
LMFA01030062,CCCCCCCCCCCCCCC/C=C/C(=O)O
LMFA01030063,CCCCCCCCCCCCCC/C=C/CC(=O)O
LMFA01030064,CCCCCCCCCCCCC/C=C/CCC(=O)O
LMFA01030065,CCCCCCCCCCCC/C=C/CCCC(=O)O
LMFA01030066,CCCCCCCCCCC/C=C\CCCCC(=O)O
LMFA01030067,CCCCCCCCCCC/C=C/CCCCC(=O)O
LMGP03020060,CCCCCCCC/C=C\CCCCCCCCCC(=O)O[C@H](COCCCCCCCCCCCCCCCCCCCC)COP(=O)(O)OC[C@H](N)C(=O)O
LMGP03020061,CCCCC/C=C\C/C=C\CCCCCCCCCC(=O)O[C@H](COCCCCCCCCCCCCCCCCCCCC)COP(=O)(O)OC[C@H](N)C(=O)O
LMGP03020062,CCCCC/C=C/C/C=C/C/C=C/CCCCCCC(=O)O[C@H](COCCCCCCCCCCCCCCCCCCCC)COP(=O)(O)OC[C@H](N)C(=O)O
LMGP03020063,CCCCC/C=C\C/C=C\C/C=C\C/C=C\CCCC(=O)O[C@H](COCCCCCCCCCCCCCCCCCCCC)COP(=O)(O)OC[C@H](N)C(=O)O
LMGP03020064,CC/C=C\C/C=C\C/C=C\C/C=C\C/C=C\CCCC(=O)O[C@H](COCCCCCCCCCCCCCCCCCCCC)COP(=O)(O)OC[C@H](N)C(=O)O
LMGP03020065,CCCCCCCCCCCCCCCCCCCCOC[C@H](COP(=O)(O)OC[C@H](N)C(=O)O)OC(=O)CCCCCCCCCCCCCCCCCCCC
LMGP03020066,CCCCCCCCCC/C=C\CCCCCCCCCC(=O)O[C@H](COCCCCCCCCCCCCCCCCCCCC)COP(=O)(O)OC[C@H](N)C(=O)O
LMGP03020067,CCCCC/C=C\C/C=C\CCCCCCCCCCCC(=O)O[C@H](COCCCCCCCCCCCCCCCCCCCC)COP(=O)(O)OC[C@H](N)C(=O)O
LMGP03020068,CCCCC/C=C\C/C=C\C/C=C\C/C=C\CCCCCC(=O)O[C@H](COCCCCCCCCCCCCCCCCCCCC)COP(=O)(O)OC[C@H](N)C(=O)O
LMGP03020069,CCCCCCCCCCCCCCCCCCCCCC(=O)O[C@H](COCCCCCCCCCCCCCCCCCCCC)COP(=O)(O)OC[C@H](N)C(=O)O
LMGP03020070,CCCCCCCCCCCCCCCCCCCCOC[C@H](COP(=O)(O)OC[C@H](N)C(=O)O)OC(=O)CCCCCCCCCCCCCCC
LMGP03020071,CCCCC/C=C\C/C=C\C/C=C\C/C=C\CCCC(=O)O[C@H](COCCCCCCCCCCCCCCCCCC)COP(=O)(O)OC[C@H](N)C(=O)O
LMGP03020072,CCCCCC/C=C\CCCCCCCC(=O)O[C@H](COCCCCCCCCCCCCCCCCCC)COP(=O)(O)OC[C@H](N)C(=O)O
LMGP03020073,CCCCCCCCCCCCCCCCCCOC[C@H](COP(=O)(O)OC[C@H](N)C(=O)O)OC(=O)CCCCCCCCCCCCCCC
LMGP03020074,CC/C=C\C/C=C\C/C=C\C/C=C\C/C=C\CCCC(=O)O[C@H](COCCCCCCCCCCCCCCCC)COP(=O)(O)OC[C@H](N)C(=O)O
LMGP03020075,CCCCC/C=C\C/C=C\C/C=C\CCCCCCC(=O)O[C@H](COCCCCCCCCCCCCCCCC)COP(=O)(O)OC[C@H](N)C(=O)O
LMGP03020076,CCCCCCCCCCCCCCCCCCC(=O)O[C@H](COCCCCCCCCCCCCCCCC)COP(=O)(O)OC[C@H](N)C(=O)O
LMGP03020077,CC/C=C\C/C=C\C/C=C\CCCCCCCC(=O)O[C@H](COCCCCCCCCCCCCCCCC)COP(=O)(O)OC[C@H](N)C(=O)O
LMGP03020078,CCCCC/C=C\C/C=C\C/C=C\CCCCC(=O)O[C@H](COCCCCCCCCCCCCCCCC)COP(=O)(O)OC[C@H](N)C(=O)O
LMGP03020079,CCCCC/C=C\C/C=C\CCCCCCCC(=O)O[C@H](COCCCCCCCCCCCCCCCC)COP(=O)(O)OC[C@H](N)C(=O)O
LMGP03020080,CCCCCCCCCCCCCCCCCC(=O)O[C@H](COCCCCCCCCCCCCCCCC)COP(=O)(O)OC[C@H](N)C(=O)O
LMGP03020081,CCCCCCCCCCCCCCCCOC[C@H](COP(=O)(O)OC[C@H](N)C(=O)O)OC(=O)CCCCCCCCCCCCCCCC
LMGP03020082,CCCCCCCCCCCCCCCCOC[C@H](COP(=O)(O)OC[C@H](N)C(=O)O)OC(=O)CCCCCCCCCCCCCCC
LMGP03020083,CC/C=C\C/C=C\C/C=C\C/C=C\C/C=C\C/C=C\CCC(=O)O[C@H](COCCCCCCCCCCCCCCCCCC)COP(=O)(O)OC[C@H](N)C(=O)O
LMGP03020084,CCCCCCCCCCCCCCCCCCCCCC(=O)O[C@H](COCCCCCCCCCCCCCCCCCC)COP(=O)(O)OC[C@H](N)C(=O)O
LMGP03020085,CC/C=C\C/C=C\C/C=C\C/C=C\C/C=C\CCCC(=O)O[C@H](COCCCCCCCCCCCCCCCCCC)COP(=O)(O)OC[C@H](N)C(=O)O
LMGP03020086,CCCCCCCCCCCCCCCCCCCC(=O)O[C@H](COCCCCCCCCCCCCCCCCCC)COP(=O)(O)OC[C@H](N)C(=O)O
LMGP03020087,CCCCCCCCCCCCCCCCCCOC[C@H](COP(=O)(O)OC[C@H](N)C(=O)O)OC(=O)CCCCCCCCCCCCCCCCC
LMGP03020088,CC/C=C/C/C=C\C/C=C\C/C=C\C/C=C\C/C=C\CCC(=O)O[C@H](COCCCCCCCCCCCCCCCC)COP(=O)(O)OC[C@H](N)C(=O)O
LMGP03020089,CCCCCCCCCCCCCCCCCCCCCC(=O)O[C@H](COCCCCCCCCCCCCCCCC)COP(=O)(O)OC[C@H](N)C(=O)O
LMGP03020090,CCCCC/C=C\C/C=C\C/C=C\C/C=C\CCCC(=O)O[C@H](COCCCCCCCCCCCCCCCC)COP(=O)(O)OC[C@H](N)C(=O)O
LMGP03020091,CCCCCCCCCCCCCCCCCCCC(=O)O[C@H](COCCCCCCCCCCCCCCCC)COP(=O)(O)OC[C@H](N)C(=O)O
LMGP03020092,CCCCCCCC/C=C\CCCCCCCC(=O)O[C@H](COCCCCCCCCCCCCCCCC)COP(=O)(O)OC[C@H](N)C(=O)O
LMGP03020093,CC/C=C\C/C=C\C/C=C\C/C=C\C/C=C\C/C=C\CCC(=O)O[C@H](COCCCCCCCCCCCCCCCCCCCC)COP(=O)(O)OC[C@@H](N)C(=O)O
LMGP03030001,CCCCCCCCCCCCCC/C=C\OC[C@H](COP(=O)(O)OC[C@H](N)C(=O)O)OC(=O)CCCCCCCCCCC
LMGP03030002,CCCCCCCCCCCCCC/C=C\OC[C@H](COP(=O)(O)OC[C@H](N)C(=O)O)OC(=O)CCCCCCCCCCCC
LMGP03030003,CCCCCCCCCCCCCC/C=C\OC[C@H](COP(=O)(O)OC[C@H](N)C(=O)O)OC(=O)CCCCCCCCCCCCC
LMGP03030004,CCCCC=CCCCCCCCC(=O)O[C@H](CO/C=C/CCCCCCCCCCCCCC)COP(=O)(O)OC[C@H](N)C(=O)O
LMGP03030005,CCCCCCCCCCCCCC/C=C\OC[C@H](COP(=O)(O)OC[C@H](N)C(=O)O)OC(=O)CCCCCCCCCCCCCC
LMGP03030006,CCCCC/C=C\CCCCCCCC(=O)O[C@H](CO/C=C\CCCCCCCCCCCCCC)COP(=O)(O)OC[C@H](N)C(=O)O
LMGP03030007,CCCCCCCCCCCCCC/C=C/OC[C@H](COP(=O)(O)OC[C@H](N)C(=O)O)OC(=O)CCCCCCCCCCCCCCC
LMGP03030008,CCCCCC/C=C\CCCCCCCC(=O)O[C@H](CO/C=C\CCCCCCCCCCCCCC)COP(=O)(O)OC[C@H](N)C(=O)O
LMGP03030009,CCCCCCCCCCCCCC/C=C\OC[C@H](COP(=O)(O)OC[C@H](N)C(=O)O)OC(=O)CCCCCCCCCCCCCCCC
LMGP03030010,CCCCCCC/C=C\CCCCCCCC(=O)O[C@H](CO/C=C\CCCCCCCCCCCCCC)COP(=O)(O)OC[C@H](N)C(=O)O
LMGP03030011,CCCC/C=C\C/C=C\CCCCCCCC(=O)O[C@H](CO/C=C\CCCCCCCCCCCCCC)COP(=O)(O)OC[C@H](N)C(=O)O
LMGP03030012,CCCCCCCCCCCCCCC=COC[C@H](COP(=O)(O)OC[C@H](N)C(=O)O)OC(=O)CCCCCCCCCCCCCCCCC
LMGP03030013,CCCCC/C=C\C/C=C\C/C=C\CCCCC(=O)O[C@H](CO/C=C\CCCCCCCCCCCCCC)COP(=O)(O)OC[C@H](N)C(=O)O
LMGP03030014,CC/C=C/C/C=C\C/C=C\CCCCCCCC(=O)O[C@H](COC=CCCCCCCCCCCCCCC)COP(=O)(O)OC[C@H](N)C(=O)O
LMGP03030015,CC/C=C\C/C=C\C/C=C\C/C=C\CCCCC(=O)O[C@H](CO/C=C\CCCCCCCCCCCCCC)COP(=O)(O)OC[C@H](N)C(=O)O
LMGP03030016,CCCCCCCCCCCCCC/C=C\OC[C@H](COP(=O)(O)OC[C@H](N)C(=O)O)OC(=O)CCCCCCCCCCCCCCCCCC
LMGP03030017,CCCCCCCCC/C=C\CCCCCCCC(=O)O[C@H](CO/C=C\CCCCCCCCCCCCCC)COP(=O)(O)OC[C@H](N)C(=O)O
LMGP03030018,CCCCCCCCCCCCCC/C=C\OC[C@H](COP(=O)(O)OC[C@H](N)C(=O)O)OC(=O)CCCCCCCCCCCCCCCCCCC
LMGP03030019,CCCCCCCC/C=C\CCCCCCCCCC(=O)O[C@H](CO/C=C\CCCCCCCCCCCCCC)COP(=O)(O)OC[C@H](N)C(=O)O
LMGP03030020,CCCCC/C=C\C/C=C\CCCCCCCCCC(=O)O[C@H](CO/C=C\CCCCCCCCCCCCCC)COP(=O)(O)OC[C@H](N)C(=O)O
LMGP03030021,CCCCCC=CC/C=C\C/C=C\CCCCCCC(=O)O[C@H](CO/C=C\CCCCCCCCCCCCCC)COP(=O)(O)OC[C@H](N)C(=O)O
LMGP03030022,CC/C=C\C/C=C\C/C=C\C/C=C\C/C=C\CCCC(=O)O[C@H](CO/C=C\CCCCCCCCCCCCCC)COP(=O)(O)OC[C@H](N)C(=O)O
LMGP03030023,CCCCCCCCCCCCCC/C=C\OC[C@H](COP(=O)(O)OC[C@H](N)C(=O)O)OC(=O)CCCCCCCCCCCCCCCCCCCC
LMGP03030024,CCCCCCCCCCCCCC/C=C\OC[C@H](COP(=O)(O)OC[C@H](N)C(=O)O)OC(=O)CCCCCCCCCCCCCCCCCCCCC
LMGP03030025,CCCCCCCCCC/C=C\CCCCCCCCCC(=O)O[C@H](CO/C=C\CCCCCCCCCCCCCC)COP(=O)(O)OC[C@H](N)C(=O)O
LMGP03030026,CCCCC/C=C\C/C=C\CCCCCCCCCCCC(=O)O[C@H](CO/C=C\CCCCCCCCCCCCCC)COP(=O)(O)OC[C@H](N)C(=O)O
LMGP03030027,CCCCC/C=C\C/C=C\C/C=C\C/C=C\CCCCCC(=O)O[C@H](CO/C=C\CCCCCCCCCCCCCC)COP(=O)(O)OC[C@H](N)C(=O)O
LMGP03030028,CCCCCCCCCCCCCCCC/C=C\OC[C@H](COP(=O)(O)OC[C@H](N)C(=O)O)OC(=O)CCCCCCCCCCC
LMGP03030029,CCCCCCCCCCCCCCCC/C=C\OC[C@H](COP(=O)(O)OC[C@H](N)C(=O)O)OC(=O)CCCCCCCCCCCC
LMGP03030030,CCCCCCCCCCCCCCCC/C=C\OC[C@H](COP(=O)(O)OC[C@H](N)C(=O)O)OC(=O)CCCCCCCCCCCCC
LMGP03030031,CCCC/C=C\CCCCCCCC(=O)O[C@H](CO/C=C\CCCCCCCCCCCCCCCC)COP(=O)(O)OC[C@H](N)C(=O)O
LMGP03030032,CCCCCCCCCCCCCCCC/C=C\OC[C@H](COP(=O)(O)OC[C@H](N)C(=O)O)OC(=O)CCCCCCCCCCCCCC
LMGP03030033,CCCCC/C=C\CCCCCCCC(=O)O[C@H](CO/C=C\CCCCCCCCCCCCCCCC)COP(=O)(O)OC[C@H](N)C(=O)O
LMGP03030034,CCCCCCCCCCCCCCCC/C=C\OC[C@H](COP(=O)(O)OC[C@H](N)C(=O)O)OC(=O)CCCCCCCCCCCCCCC
LMGP03030035,CCCCCC/C=C\CCCCCCCC(=O)O[C@H](CO/C=C\CCCCCCCCCCCCCCCC)COP(=O)(O)OC[C@H](N)C(=O)O
LMGP03030036,CCCCCCCCCCCCCCCC/C=C\OC[C@H](COP(=O)(O)OC[C@H](N)C(=O)O)OC(=O)CCCCCCCCCCCCCCCC
LMGP03030037,CCCCCCC/C=C\CCCCCCCC(=O)O[C@H](CO/C=C\CCCCCCCCCCCCCCCC)COP(=O)(O)OC[C@H](N)C(=O)O
LMGP03030038,CCCC/C=C\C/C=C\CCCCCCCC(=O)O[C@H](CO/C=C\CCCCCCCCCCCCCCCC)COP(=O)(O)OC[C@H](N)C(=O)O
LMGP03030039,CCCCCCCCCCCCCCCC/C=C\OC[C@H](COP(=O)(O)OC[C@H](N)C(=O)O)OC(=O)CCCCCCCCCCCCCCCCC
LMGP03030040,CCCCC/C=C\C/C=C\CCCCCCCC(=O)O[C@H](CO/C=C\CCCCCCCCCCCCCCCC)COP(=O)(O)OC[C@H](N)C(=O)O
LMGP03030041,CCCCC/C=C\C/C=C\C/C=C\CCCCC(=O)O[C@H](CO/C=C\CCCCCCCCCCCCCCCC)COP(=O)(O)OC[C@H](N)C(=O)O
LMGP03030042,CC/C=C\C/C=C\C/C=C\CCCCCCCC(=O)O[C@H](CO/C=C\CCCCCCCCCCCCCCCC)COP(=O)(O)OC[C@H](N)C(=O)O
LMGP03030043,CC/C=C\C/C=C\C/C=C\C/C=C\CCCCC(=O)O[C@H](CO/C=C\CCCCCCCCCCCCCCCC)COP(=O)(O)OC[C@H](N)C(=O)O
LMGP03030044,CCCCCCCCCCCCCCCC/C=C\OC[C@H](COP(=O)(O)OC[C@H](N)C(=O)O)OC(=O)CCCCCCCCCCCCCCCCCC
LMGP03030045,CCCCCCCCC/C=C\CCCCCCCC(=O)O[C@H](CO/C=C\CCCCCCCCCCCCCCCC)COP(=O)(O)OC[C@H](N)C(=O)O
LMGP03030046,CCCCCCCCCCCCCCCC/C=C\OC[C@H](COP(=O)(O)OC[C@H](N)C(=O)O)OC(=O)CCCCCCCCCCCCCCCCCCC
LMGP03030047,CCCCCCCC/C=C\CCCCCCCCCC(=O)O[C@H](CO/C=C\CCCCCCCCCCCCCCCC)COP(=O)(O)OC[C@H](N)C(=O)O
LMGP03030048,CCCCC/C=C\C/C=C\CCCCCCCCCC(=O)O[C@H](CO/C=C\CCCCCCCCCCCCCCCC)COP(=O)(O)OC[C@H](N)C(=O)O
LMGP03030049,CCCCC/C=C\C/C=C\C/C=C\CCCCCCC(=O)O[C@H](CO/C=C\CCCCCCCCCCCCCCCC)COP(=O)(O)OC[C@H](N)C(=O)O
LMGP03030050,CC/C=C\C/C=C\C/C=C\C/C=C\C/C=C\CCCC(=O)O[C@H](CO/C=C\CCCCCCCCCCCCCCCC)COP(=O)(O)OC[C@H](N)C(=O)O
LMGP03030051,CCCCCCCCCCCCCCCC/C=C\OC[C@H](COP(=O)(O)OC[C@H](N)C(=O)O)OC(=O)CCCCCCCCCCCCCCCCCCCC
LMGP03030052,CCCCCCCCCCCCCCCC/C=C\OC[C@H](COP(=O)(O)OC[C@H](N)C(=O)O)OC(=O)CCCCCCCCCCCCCCCCCCCCC
LMGP03030053,CCCCCCCCCC/C=C\CCCCCCCCCC(=O)O[C@H](CO/C=C\CCCCCCCCCCCCCCCC)COP(=O)(O)OC[C@H](N)C(=O)O
LMGP03030054,CCCCC/C=C\C/C=C\CCCCCCCCCCCC(=O)O[C@H](CO/C=C\CCCCCCCCCCCCCCCC)COP(=O)(O)OC[C@H](N)C(=O)O
LMGP03030055,CCCCC/C=C\C/C=C\C/C=C\C/C=C\CCCCCC(=O)O[C@H](CO/C=C\CCCCCCCCCCCCCCCC)COP(=O)(O)OC[C@H](N)C(=O)O
LMGP03030056,CCCCCCCCCCCCCCCCCC/C=C\OC[C@H](COP(=O)(O)OC[C@H](N)C(=O)O)OC(=O)CCCCCCCCCCC
LMGP03030057,CCCCCCCCCCCCCCCCCC/C=C\OC[C@H](COP(=O)(O)OC[C@H](N)C(=O)O)OC(=O)CCCCCCCCCCCC
LMGP03030058,CCCCCCCCCCCCCCCCCC/C=C\OC[C@H](COP(=O)(O)OC[C@H](N)C(=O)O)OC(=O)CCCCCCCCCCCCC
LMGP03030059,CCCC/C=C\CCCCCCCC(=O)O[C@H](CO/C=C\CCCCCCCCCCCCCCCCCC)COP(=O)(O)OC[C@H](N)C(=O)O
LMGP03030060,CCCCCCCCCCCCCCCCCC/C=C\OC[C@H](COP(=O)(O)OC[C@H](N)C(=O)O)OC(=O)CCCCCCCCCCCCCC
LMGP03030061,CCCCC/C=C\CCCCCCCC(=O)O[C@H](CO/C=C\CCCCCCCCCCCCCCCCCC)COP(=O)(O)OC[C@H](N)C(=O)O
LMGP03030062,CCCCCCCCCCCCCCCCCC/C=C\OC[C@H](COP(=O)(O)OC[C@H](N)C(=O)O)OC(=O)CCCCCCCCCCCCCCC
LMGP03030063,CCCCCC/C=C\CCCCCCCC(=O)O[C@H](CO/C=C\CCCCCCCCCCCCCCCCCC)COP(=O)(O)OC[C@H](N)C(=O)O
LMGP03030064,CCCCCCCCCCCCCCCCCC/C=C\OC[C@H](COP(=O)(O)OC[C@H](N)C(=O)O)OC(=O)CCCCCCCCCCCCCCCC
LMGP03030065,CCCCCCC/C=C\CCCCCCCC(=O)O[C@H](CO/C=C\CCCCCCCCCCCCCCCCCC)COP(=O)(O)OC[C@H](N)C(=O)O
LMGP03030066,CCCC/C=C\C/C=C\CCCCCCCC(=O)O[C@H](CO/C=C\CCCCCCCCCCCCCCCCCC)COP(=O)(O)OC[C@H](N)C(=O)O
LMGP03030067,CCCCCCCCCCCCCCCCCC/C=C\OC[C@H](COP(=O)(O)OC[C@H](N)C(=O)O)OC(=O)CCCCCCCCCCCCCCCCC
LMGP03030068,CCCCCCCC/C=C\CCCCCCCC(=O)O[C@H](CO/C=C\CCCCCCCCCCCCCCCCCC)COP(=O)(O)OC[C@H](N)C(=O)O
LMGP03030069,CCCCC/C=C\C/C=C\CCCCCCCC(=O)O[C@H](CO/C=C\CCCCCCCCCCCCCCCCCC)COP(=O)(O)OC[C@H](N)C(=O)O
LMGP03030070,CCCCC/C=C\C/C=C\C/C=C\CCCCC(=O)O[C@H](CO/C=C\CCCCCCCCCCCCCCCCCC)COP(=O)(O)OC[C@H](N)C(=O)O
LMGP03030071,CC/C=C\C/C=C\C/C=C\CCCCCCCC(=O)O[C@H](CO/C=C\CCCCCCCCCCCCCCCCCC)COP(=O)(O)OC[C@H](N)C(=O)O
LMGP03030072,CC/C=C\C/C=C\C/C=C\C/C=C\CCCCC(=O)O[C@H](CO/C=C\CCCCCCCCCCCCCCCCCC)COP(=O)(O)OC[C@H](N)C(=O)O
LMGP03030073,CCCCCCCCCCCCCCCCCC/C=C\OC[C@H](COP(=O)(O)OC[C@H](N)C(=O)O)OC(=O)CCCCCCCCCCCCCCCCCC
LMGP03030074,CCCCCCCCC/C=C\CCCCCCCC(=O)O[C@H](CO/C=C\CCCCCCCCCCCCCCCCCC)COP(=O)(O)OC[C@H](N)C(=O)O
LMGP03030075,CCCCCCCCCCCCCCCCCC/C=C\OC[C@H](COP(=O)(O)OC[C@H](N)C(=O)O)OC(=O)CCCCCCCCCCCCCCCCCCC
LMGP03030076,CCCCCCCC/C=C\CCCCCCCCCC(=O)O[C@H](CO/C=C\CCCCCCCCCCCCCCCCCC)COP(=O)(O)OC[C@H](N)C(=O)O
LMGP03030077,CCCCC/C=C\C/C=C\CCCCCCCCCC(=O)O[C@H](CO/C=C\CCCCCCCCCCCCCCCCCC)COP(=O)(O)OC[C@H](N)C(=O)O
LMGP03030078,CCCCC/C=C\C/C=C\C/C=C\CCCCCCC(=O)O[C@H](CO/C=C\CCCCCCCCCCCCCCCCCC)COP(=O)(O)OC[C@H](N)C(=O)O
LMGP03030079,CCCCC/C=C\C/C=C\C/C=C\C/C=C\CCCC(=O)O[C@H](CO/C=C\CCCCCCCCCCCCCCCCCC)COP(=O)(O)OC[C@H](N)C(=O)O
LMGP03030080,CC/C=C\C/C=C\C/C=C\C/C=C\C/C=C\CCCC(=O)O[C@H](CO/C=C\CCCCCCCCCCCCCCCCCC)COP(=O)(O)OC[C@H](N)C(=O)O
LMGP03030081,CCCCCCCCCCCCCCCCCC/C=C\OC[C@H](COP(=O)(O)OC[C@H](N)C(=O)O)OC(=O)CCCCCCCCCCCCCCCCCCCC
LMGP03030082,CCCCCCCCCCCCCCCCCC/C=C\OC[C@H](COP(=O)(O)OC[C@H](N)C(=O)O)OC(=O)CCCCCCCCCCCCCCCCCCCCC
LMGP03030083,CCCCCCCCCC/C=C\CCCCCCCCCC(=O)O[C@H](CO/C=C\CCCCCCCCCCCCCCCCCC)COP(=O)(O)OC[C@H](N)C(=O)O
LMGP03030084,CCCCC/C=C\C/C=C\CCCCCCCCCCCC(=O)O[C@H](CO/C=C\CCCCCCCCCCCCCCCCCC)COP(=O)(O)OC[C@H](N)C(=O)O
LMGP03030085,CCCCC/C=C/C/C=C\C/C=C\C/C=C\CCCCCC(=O)O[C@H](CO/C=C/CCCCCCCCCCCCCCCCCC)COP(=O)(O)OC[C@H](N)C(=O)O
LMGP03030086,CCCCC/C=C\C/C=C\C/C=C\C/C=C\CCCC(=O)O[C@H](CO/C=C\CCCCCCCCCCCCCC)COP(=O)(O)OC[C@H](N)C(=O)O
LMGP03030087,CCCCC/C=C\C/C=C\CCCCCCCC(=O)O[C@H](CO/C=C\CCCCCCCCCCCCCC)COP(=O)(O)OC[C@H](N)C(=O)O
LMGP03030088,CCCCCCCCC=CCCCCCCCC(=O)O[C@H](COC=CCCCCCCCCCCCCCC)COP(=O)(O)OC[C@H](N)C(=O)O
LMGP03030089,CC/C=C\C/C=C\C/C=C\C/C=C\C/C=C\C/C=C\CCC(=O)O[C@H](CO/C=C\CCCCCCCCCCCCCCCC)COP(=O)(O)OC[C@H](N)C(=O)O
LMGP03030090,CCCCC/C=C\C/C=C\C/C=C\C/C=C\CCCC(=O)O[C@H](CO/C=C\CCCCCCCCCCCCCCCC)COP(=O)(O)OC[C@H](N)C(=O)O
LMGP03030091,CCCCCCCC/C=C\CCCCCCCC(=O)O[C@H](CO/C=C\CCCCCCCCCCCCCCCC)COP(=O)(O)OC[C@H](N)C(=O)O
LMGP03030092,CC/C=C\C/C=C\C/C=C\C/C=C\C/C=C\C/C=C\CCC(=O)O[C@H](CO/C=C\CCCCCCCCCCCCCC)COP(=O)(O)OC[C@H](N)C(=O)O
LMGP03030093,CC/C=C\C/C=C\C/C=C\C/C=C\C/C=C\C/C=C\CCC(=O)O[C@H](CO/C=C\CCCCCCCCCCCCCCCCCC)COP(=O)(O)OC[C@H](N)C(=O)O
LMGP03050001,CCCCCCCC/C=C\CCCCCCCC(=O)OC[C@@H](O)COP(=O)(O)OC[C@H](N)C(=O)O
LMGP03050002,CCCCCCCCCCCCCCCC(=O)OC[C@@H](O)COP(=O)(O)OC[C@H](N)C(=O)O
LMGP03050005,CCCCCCCCCCCCC(=O)OC[C@@H](O)COP(=O)(O)OC[C@H](N)C(=O)O
LMGP03050006,CCCCCCCCCCCCCCCCCC(=O)OC[C@@H](O)COP(=O)(O)OC[C@H](N)C(=O)O
LMGP03050007,CCCCC/C=C\C/C=C\C/C=C\C/C=C\CCCC(=O)OC[C@@H](O)COP(=O)(O)OC[C@H](N)C(=O)O
LMGP03050008,CCCCCCCCCCCC(=O)OC[C@@H](O)COP(=O)(O)OC[C@H](N)C(=O)O
LMGP03050009,CCCCCCCCCCCCCC(=O)OC[C@@H](O)COP(=O)(O)OC[C@H](N)C(=O)O
LMGP03050010,CCCCCC/C=C\CCCCCCCC(=O)OC[C@@H](O)COP(=O)(O)OC[C@H](N)C(=O)O
LMGP03050011,CCCCC/C=C\C/C=C\CCCCCCCC(=O)OC[C@@H](O)COP(=O)(O)OC[C@H](N)C(=O)O
LMGP03050012,CCCCCCCCCCCCCCCCCCCC(=O)OC[C@@H](O)COP(=O)(O)OC[C@H](N)C(=O)O
LMGP03050013,CC/C=C\C/C=C\C/C=C\C/C=C\C/C=C\C/C=C\CCC(=O)OC[C@@H](O)COP(=O)(O)OC[C@H](N)C(=O)O
LMGP03050014,CCCCC/C=C\C/C=C\C/C=C\C/C=C\CCCCCC(=O)OC[C@@H](O)COP(=O)(O)OC[C@H](N)C(=O)O
LMGP03050015,CCCCC/C=C\CCCCCCCC(=O)OC[C@@H](O)COP(=O)(O)OC[C@H](N)C(=O)O
LMGP03050016,CCCC/C=C\C/C=C/CCCCCCCC(=O)OC[C@@H](O)COP(=O)(O)OC[C@H](N)C(=O)O
LMGP03050017,CCCCC/C=C\C/C=C\C/C=C\CCCCC(=O)OC[C@@H](O)COP(=O)(O)OC[C@H](N)C(=O)O
LMGP03050018,CC/C=C\C/C=C\C/C=C\C/C=C\CCCCC(=O)OC[C@@H](O)COP(=O)(O)OC[C@H](N)C(=O)O
LMGP03050019,CCCCCCCCC/C=C\CCCCCCCC(=O)OC[C@@H](O)COP(=O)(O)OC[C@H](N)C(=O)O
LMGP03050020,CCCCCCCC/C=C\CCCCCCCCCC(=O)OC[C@@H](O)COP(=O)(O)OC[C@H](N)C(=O)O
LMGP03050021,CCCCC/C=C\C/C=C\CCCCCCCCCC(=O)OC[C@@H](O)COP(=O)(O)OC[C@H](N)C(=O)O
LMGP03050022,CCCCC/C=C\C/C=C\C/C=C\CCCCCCC(=O)OC[C@@H](O)COP(=O)(O)OC[C@H](N)C(=O)O
LMGP03050023,CCCCCCCCCC/C=C\CCCCCCCCCC(=O)OC[C@@H](O)COP(=O)(O)OC[C@H](N)C(=O)O
LMGP03050024,CCCCC/C=C\C/C=C\CCCCCCCCCCCC(=O)OC[C@@H](O)COP(=O)(O)OC[C@H](N)C(=O)O
LMGP03050025,CCCCCCCCCCCCCCCCCCCCCC(=O)OC[C@@H](O)COP(=O)(O)OC[C@H](N)C(=O)O
LMGP03050026,CCCCCCCCCCCCCCCCCCCCC(=O)OC[C@@H](O)COP(=O)(O)OC[C@H](N)C(=O)O
LMGP03050027,CC/C=C\C/C=C\C/C=C\C/C=C\C/C=C\CCCC(=O)OC[C@@H](O)COP(=O)(O)OC[C@H](N)C(=O)O
LMGP03050028,CCCCCCCCCCCCCCCCCCC(=O)OC[C@@H](O)COP(=O)(O)OC[C@H](N)C(=O)O
LMGP03050029,CC/C=C\C/C=C\C/C=C\CCCCCCCC(=O)OC[C@@H](O)COP(=O)(O)OC[C@H](N)C(=O)O
LMGP03050030,CCCCCCCCCCCCCCCCC(=O)OC[C@@H](O)COP(=O)(O)OC[C@H](N)C(=O)O
LMGP03050031,CCCCCCCCCCCCCCC(=O)OC[C@@H](O)COP(=O)(O)OC[C@H](N)C(=O)O
LMGP03050032,CCCC/C=C\CCCCCCCC(=O)OC[C@@H](O)COP(=O)(O)OC[C@H](N)C(=O)O
LMGP03050033,CCCCCCC/C=C\CCCCCCCC(=O)OC[C@@H](O)COP(=O)(O)OC[C@H](N)C(=O)O
LMGP03060001,CCCCCCCCCCCCCCCCCCCCOC[C@@H](O)COP(=O)(O)OC[C@H](N)C(=O)O
LMGP03060002,CCCCCCCCCCCCCCCCCCOC[C@@H](O)COP(=O)(O)OC[C@H](N)C(=O)O
LMGP03060003,CCCCCCCCCCCCCCCCOC[C@@H](O)COP(=O)(O)OC[C@H](N)C(=O)O
LMGP03070001,CCCCCCCCCCCCCCCCCC/C=C\OC[C@@H](O)COP(=O)(O)OC[C@H](N)C(=O)O
LMGP03070002,CCCCCCCCCCCCCCCC/C=C\OC[C@@H](O)COP(=O)(O)OC[C@H](N)C(=O)O
LMGP03070003,CCCCCCCCCCCCCC/C=C\OC[C@@H](O)COP(=O)(O)OC[C@H](N)C(=O)O
LMGP04010001,CCCCCCCCCCCCC(=O)O[C@H](COC(=O)CCCCCCCCCCC)COP(=O)(O)OCC(O)CO
LMGP04010002,CCCCCCCCC=CCCCCCCCC(=O)O[C@H](COC(=O)CCCCCCCCCCCCCCC)COP(=O)(O)OCC(O)CO
LMGP04010004,CC/C=C\C/C=C\C/C=C\C/C=C\C/C=C\C/C=C\CCC(=O)O[C@H](COC(=O)CCCCCCCCCCCCCCCCCCCC)COP(=O)(O)OCC(O)CO
LMGP04010005,CCCCCCCCCCCCCC(=O)OC[C@H](COP(=O)(O)OC[C@@H](O)CO)OC(=O)CCCCCCCCCCCCC
LMGP04010006,CCCCC/C=C\C/C=C\C/C=C\C/C=C\CCCC(=O)O[C@H](COC(=O)CCCCCCCCCCCCCCCC)COP(=O)(O)OCC(O)CO
LMGP04010007,CCCC/C=C\CCCCCCCC(=O)O[C@H](COC(=O)CCCCCCCCCCCCCCCC)COP(=O)(O)OCC(O)CO
LMGP04010008,CCCCCC/C=C\CCCCCCCCCC(=O)O[C@H](COC(=O)CCCCCCCCCCCCCCC)COP(=O)(O)OC[C@@H](O)CO
LMGP04010022,CCCCCCCCCCCCCCCC(=O)O[C@H](COC(=O)CCCCCCCCCCCCC)COP(=O)(O)OC[C@@H](O)CO
LMGP04010024,CCCCCCCCCCCCCCC(=O)OC[C@H](COP(=O)(O)OC[C@@H](O)CO)OC(=O)CCCCCCCCCCCCCC
LMGP04010025,CCCCCCCCCCCCCCCC(=O)OC[C@H](COP(=O)(O)OC[C@@H](O)CO)OC(=O)CCCCCCCCCCC
LMGP04010027,CCCCCCCCCCCCCCCCCC(=O)OC[C@H](COP(=O)(O)OC[C@@H](O)CO)OC(=O)CCCCCCCCCCCCC
LMGP04010030,CCCCCC(=O)OC[C@H](COP(=O)(O)OC[C@@H](O)CO)OC(=O)CCCCC
LMGP04010031,CCCCCCCC(=O)OC[C@H](COP(=O)(O)OC[C@@H](O)CO)OC(=O)CCCCCCC
LMGP04010032,CCCCCCCCCC(=O)OC[C@H](COP(=O)(O)OC[C@@H](O)CO)OC(=O)CCCCCCCCC
LMGP04010033,CCCCCCCCC=CCCCCCCCC(=O)OC[C@H](COP(=O)(O)OC[C@@H](O)CO)OC(=O)CCCCCCCC=CCCCCCCCC
LMGP04010035,CCCCCCCCCCCC(=O)OC[C@H](COP(=O)(O)OC[C@@H](O)CO)OC(=O)CCCCCCCCCCC
LMGP04010036,CCCCC/C=C\C/C=C\C/C=C\C/C=C\CCCC(=O)O[C@H](COC(=O)CCCCCCCCCCCCCCC)COP(=O)(O)OC[C@@H](O)CO
LMGP04010037,CCCCCCCC/C=C\CCCCCCCC(=O)O[C@H](COC(=O)CCCCCCCCCCCCCCCCC)COP(=O)(O)OC[C@@H](O)CO
LMGP04010038,CCCCCCCCCCCCCCCCCC(=O)OC[C@H](COP(=O)(O)OC[C@@H](O)CO)OC(=O)CCCCCCCCCCCCCCCCC
LMGP04010039,CCCCC/C=C\C/C=C\C/C=C\C/C=C\CCCC(=O)O[C@H](COC(=O)CCCCCCCCCCCCCCCCC)COP(=O)(O)OC[C@@H](O)CO
LMGP04010040,CC/C=C\C/C=C\C/C=C\C/C=C\C/C=C\C/C=C\CCC(=O)O[C@H](COC(=O)CCCCCCCCCCCCCCCCC)COP(=O)(O)OC[C@@H](O)CO
LMGP04010041,CC/C=C\C/C=C\C/C=C\C/C=C\C/C=C\C/C=C\CCC(=O)O[C@H](COC(=O)CCCCCCCCCCCCCCC)COP(=O)(O)OC[C@@H](O)CO
LMGP04010043,CC/C=C\C/C=C\C/C=C\C/C=C\C/C=C\C/C=C\CCC(=O)O[C@H](COC(=O)CCCCCCC/C=C\CCCCCCCC)COP(=O)(O)OC[C@@H](O)CO
LMGP04010044,CC/C=C\C/C=C\C/C=C\C/C=C\C/C=C\C/C=C\CCC(=O)O[C@H](COC(=O)CCC/C=C\C/C=C\C/C=C\C/C=C\CCCCC)COP(=O)(O)OC[C@@H](O)CO
LMGP04010045,CC/C=C/C/C=C/C/C=C/C/C=C/C/C=C/C/C=C\CCC(=O)O[C@@H](COC(=O)CCCCCCC/C=C\C/C=C\CCCCC)COP(=O)(O)OC[C@H](O)CO
LMGP04010046,CCCC/C=C\CCCCCCCC(=O)O[C@H](COC(=O)CCCCCCCCCCC)COP(=O)(O)OC[C@@H](O)CO
LMGP04010047,CCCCCCCCCCCCCCC(=O)O[C@H](COC(=O)CCCCCCCCCCC)COP(=O)(O)OC[C@@H](O)CO
LMGP04010048,CCCCC/C=C\CCCCCCCC(=O)O[C@H](COC(=O)CCCCCCCCCCC)COP(=O)(O)OC[C@@H](O)CO
LMGP04010049,CCCCCCC=CCCCCCCCC(=O)O[C@H](COC(=O)CCCCCCCCCCC)COP(=O)(O)OC[C@@H](O)CO
LMGP04010050,CCCCCCCCCCCCCCCCC(=O)O[C@H](COC(=O)CCCCCCCCCCC)COP(=O)(O)OC[C@@H](O)CO
LMGP04010051,CCCCCCC/C=C/CCCCCCCC(=O)O[C@H](COC(=O)CCCCCCCCCCC)COP(=O)(O)OC[C@@H](O)CO
LMGP04010052,CCCC/C=C\C/C=C\CCCCCCCC(=O)O[C@H](COC(=O)CCCCCCCCCCC)COP(=O)(O)OC[C@@H](O)CO
LMGP04010053,CCCCC/C=C\C/C=C\CCCCCCCC(=O)O[C@H](COC(=O)CCCCCCCCCCC)COP(=O)(O)OC[C@@H](O)CO
LMGP04010054,CCCCC/C=C\C/C=C\C/C=C\CCCCC(=O)O[C@H](COC(=O)CCCCCCCCCCC)COP(=O)(O)OC[C@@H](O)CO
LMGP04010055,CC/C=C\C/C=C\C/C=C\CCCCCCCC(=O)O[C@H](COC(=O)CCCCCCCCCCC)COP(=O)(O)OC[C@@H](O)CO
LMGP04010056,CC/C=C\C/C=C\C/C=C\C/C=C\CCCCC(=O)O[C@H](COC(=O)CCCCCCCCCCC)COP(=O)(O)OC[C@@H](O)CO
LMGP04010057,CCCCCCCCCCCCCCCCCCC(=O)O[C@H](COC(=O)CCCCCCCCCCC)COP(=O)(O)OC[C@@H](O)CO
LMGP04010058,CCCCCCCCC/C=C\CCCCCCCC(=O)O[C@H](COC(=O)CCCCCCCCCCC)COP(=O)(O)OC[C@@H](O)CO
LMGP04010059,CCCCCCCC/C=C\CCCCCCCCCC(=O)O[C@H](COC(=O)CCCCCCCCCCC)COP(=O)(O)OC[C@@H](O)CO
LMGP04010060,CCCCC/C=C\C/C=C\CCCCCCCCCC(=O)O[C@H](COC(=O)CCCCCCCCCCC)COP(=O)(O)OC[C@@H](O)CO
LMGP04010061,CCCCC/C=C\C/C=C\C/C=C\CCCCCCC(=O)O[C@H](COC(=O)CCCCCCCCCCC)COP(=O)(O)OC[C@@H](O)CO
LMGP04010062,CCCCC/C=C\C/C=C\C/C=C\C/C=C\CCCC(=O)O[C@H](COC(=O)CCCCCCCCCCC)COP(=O)(O)OC[C@@H](O)CO
LMGP04010063,CC/C=C\C/C=C\C/C=C\C/C=C\C/C=C\CCCC(=O)O[C@H](COC(=O)CCCCCCCCCCC)COP(=O)(O)OC[C@@H](O)CO
LMGP04010064,CCCCCCCCCCCCCCCCCCCCC(=O)O[C@H](COC(=O)CCCCCCCCCCC)COP(=O)(O)OC[C@@H](O)CO
LMGP04010065,CCCCCCCCCC/C=C\CCCCCCCCCC(=O)O[C@H](COC(=O)CCCCCCCCCCC)COP(=O)(O)OC[C@@H](O)CO
LMGP04010066,CCCCC/C=C\C/C=C\CCCCCCCCCCCC(=O)O[C@H](COC(=O)CCCCCCCCCCC)COP(=O)(O)OC[C@@H](O)CO
LMGP04010067,CCCCC/C=C\C/C=C\C/C=C\C/C=C\CCCCCC(=O)O[C@H](COC(=O)CCCCCCCCCCC)COP(=O)(O)OC[C@@H](O)CO
LMGP04010068,CCCCCCCCCCCCC(=O)OC[C@H](COP(=O)(O)OC[C@@H](O)CO)OC(=O)CCCCCCCCCCC
LMGP04010069,CCCCCCCCCCCCCC(=O)O[C@H](COC(=O)CCCCCCCCCCCC)COP(=O)(O)OC[C@@H](O)CO
LMGP04010070,CCCC/C=C\CCCCCCCC(=O)O[C@H](COC(=O)CCCCCCCCCCCC)COP(=O)(O)OC[C@@H](O)CO
LMGP04010071,CCCCC/C=C\CCCCCCCC(=O)O[C@H](COC(=O)CCCCCCCCCCCC)COP(=O)(O)OC[C@@H](O)CO
LMGP04010072,CCCCCCCCCCCCCCCC(=O)O[C@H](COC(=O)CCCCCCCCCCCC)COP(=O)(O)OC[C@@H](O)CO
LMGP04010073,CCCCCC/C=C\CCCCCCCC(=O)O[C@H](COC(=O)CCCCCCCCCCCC)COP(=O)(O)OC[C@@H](O)CO
LMGP04010074,CCCCCCC/C=C\CCCCCCCC(=O)O[C@H](COC(=O)CCCCCCCCCCCC)COP(=O)(O)OC[C@@H](O)CO
LMGP04010075,CCCC/C=C\C/C=C\CCCCCCCC(=O)O[C@H](COC(=O)CCCCCCCCCCCC)COP(=O)(O)OC[C@@H](O)CO
LMGP04010076,CCCCCCCCCCCCCCCCCC(=O)O[C@H](COC(=O)CCCCCCCCCCCC)COP(=O)(O)OC[C@@H](O)CO
LMGP04010077,CCCCCCCC/C=C\CCCCCCCC(=O)O[C@H](COC(=O)CCCCCCCCCCCC)COP(=O)(O)OC[C@@H](O)CO
LMGP04010078,CCCCC/C=C\C/C=C\CCCCCCCC(=O)O[C@H](COC(=O)CCCCCCCCCCCC)COP(=O)(O)OC[C@@H](O)CO
LMGP04010079,CCCCC/C=C\C/C=C\C/C=C\CCCCC(=O)O[C@H](COC(=O)CCCCCCCCCCCC)COP(=O)(O)OC[C@@H](O)CO
LMGP04010080,CC/C=C\C/C=C\C/C=C\CCCCCCCC(=O)O[C@H](COC(=O)CCCCCCCCCCCC)COP(=O)(O)OC[C@@H](O)CO
LMGP04010081,CC/C=C\C/C=C\C/C=C\C/C=C\CCCCC(=O)O[C@H](COC(=O)CCCCCCCCCCCC)COP(=O)(O)OC[C@@H](O)CO
LMGP04010082,CCCCCCCCC/C=C\CCCCCCCC(=O)O[C@H](COC(=O)CCCCCCCCCCCC)COP(=O)(O)OC[C@@H](O)CO
LMGP04010083,CCCCCCCC/C=C\CCCCCCCCCC(=O)O[C@H](COC(=O)CCCCCCCCCCCC)COP(=O)(O)OC[C@@H](O)CO
LMGP04010084,CCCCC/C=C\C/C=C\CCCCCCCCCC(=O)O[C@H](COC(=O)CCCCCCCCCCCC)COP(=O)(O)OC[C@@H](O)CO
LMGP04010085,CCCCC/C=C\C/C=C\C/C=C\CCCCCCC(=O)O[C@H](COC(=O)CCCCCCCCCCCC)COP(=O)(O)OC[C@@H](O)CO
LMGP04010086,CCCCC/C=C\C/C=C\C/C=C\C/C=C\CCCC(=O)O[C@H](COC(=O)CCCCCCCCCCCC)COP(=O)(O)OC[C@@H](O)CO
LMGP04010087,CC/C=C\C/C=C\C/C=C\C/C=C\C/C=C\CCCC(=O)O[C@H](COC(=O)CCCCCCCCCCCC)COP(=O)(O)OC[C@@H](O)CO
LMGP04010088,CCCCCCCCCCCCCCCCCCCCCC(=O)O[C@H](COC(=O)CCCCCCCCCCCC)COP(=O)(O)OC[C@@H](O)CO
LMGP04010089,CCCCCCCCCC/C=C\CCCCCCCCCC(=O)O[C@H](COC(=O)CCCCCCCCCCCC)COP(=O)(O)OC[C@@H](O)CO
LMGP04010090,CCCCC/C=C\C/C=C\CCCCCCCCCCCC(=O)O[C@H](COC(=O)CCCCCCCCCCCC)COP(=O)(O)OC[C@@H](O)CO
LMGP04010091,CCCCC/C=C\C/C=C\C/C=C\C/C=C\CCCCCC(=O)O[C@H](COC(=O)CCCCCCCCCCCC)COP(=O)(O)OC[C@@H](O)CO
LMGP04010092,CC/C=C\C/C=C\C/C=C\C/C=C\C/C=C\C/C=C\CCC(=O)O[C@H](COC(=O)CCCCCCCCCCCC)COP(=O)(O)OC[C@@H](O)CO
LMGP04010093,CCCCCCCCCCCCCC(=O)OC[C@H](COP(=O)(O)OC[C@@H](O)CO)OC(=O)CCCCCCCCCCCC
LMGP04010094,CCCC/C=C\CCCCCCCC(=O)O[C@H](COC(=O)CCCCCCCCCCCCC)COP(=O)(O)OC[C@@H](O)CO
LMGP04010095,CCCCC/C=C\CCCCCCCC(=O)O[C@H](COC(=O)CCCCCCCCCCCCC)COP(=O)(O)OC[C@@H](O)CO
LMGP04010096,CCCCCCCCCCCCCCCCC(=O)O[C@H](COC(=O)CCCCCCCCCCCCC)COP(=O)(O)OC[C@@H](O)CO
LMGP04010097,CCCCCCC/C=C\CCCCCCCC(=O)O[C@H](COC(=O)CCCCCCCCCCCCC)COP(=O)(O)OC[C@@H](O)CO
LMGP04010098,CCCC/C=C\C/C=C\CCCCCCCC(=O)O[C@H](COC(=O)CCCCCCCCCCCCC)COP(=O)(O)OC[C@@H](O)CO
LMGP04010099,CCCCC/C=C\C/C=C\C/C=C\CCCCC(=O)O[C@H](COC(=O)CCCCCCCCCCCCC)COP(=O)(O)OC[C@@H](O)CO
LMGP04010100,CCCCCCCCCCCCCCCCCCC(=O)O[C@H](COC(=O)CCCCCCCCCCCCC)COP(=O)(O)OC[C@@H](O)CO
LMGP04010101,CCCCCCCCC/C=C\CCCCCCCC(=O)O[C@H](COC(=O)CCCCCCCCCCCCC)COP(=O)(O)OC[C@@H](O)CO
LMGP04010102,CCCCCCCC/C=C\CCCCCCCCCC(=O)O[C@H](COC(=O)CCCCCCCCCCCCC)COP(=O)(O)OC[C@@H](O)CO
LMGP04010103,CCCCC/C=C\C/C=C\CCCCCCCCCC(=O)O[C@H](COC(=O)CCCCCCCCCCCCC)COP(=O)(O)OC[C@@H](O)CO
LMGP04010104,CCCCC/C=C\C/C=C\C/C=C\CCCCCCC(=O)O[C@H](COC(=O)CCCCCCCCCCCCC)COP(=O)(O)OC[C@@H](O)CO
LMGP04010105,CCCCCCCCCCCCCCCCCCCCC(=O)O[C@H](COC(=O)CCCCCCCCCCCCC)COP(=O)(O)OC[C@@H](O)CO
LMGP04010106,CCCCCCCCCC/C=C\CCCCCCCCCC(=O)O[C@H](COC(=O)CCCCCCCCCCCCC)COP(=O)(O)OC[C@@H](O)CO
LMGP04010107,CCCCC/C=C\C/C=C\CCCCCCCCCCCC(=O)O[C@H](COC(=O)CCCCCCCCCCCCC)COP(=O)(O)OC[C@@H](O)CO
LMGP04010108,CCCCC/C=C\C/C=C\C/C=C\C/C=C\CCCCCC(=O)O[C@H](COC(=O)CCCCCCCCCCCCC)COP(=O)(O)OC[C@@H](O)CO
LMGP04010109,CCCC/C=C\CCCCCCCC(=O)OC[C@H](COP(=O)(O)OC[C@@H](O)CO)OC(=O)CCCCCCCCCCC
LMGP04010110,CCCC/C=C\CCCCCCCC(=O)OC[C@H](COP(=O)(O)OC[C@@H](O)CO)OC(=O)CCCCCCCCCCCC
LMGP04010111,CCCC/C=C\CCCCCCCC(=O)OC[C@H](COP(=O)(O)OC[C@@H](O)CO)OC(=O)CCCCCCCCCCCCC
LMGP04010112,CCCC/C=C\CCCCCCCC(=O)OC[C@H](COP(=O)(O)OC[C@@H](O)CO)OC(=O)CCCCCCCCCCCCCC
LMGP04010113,CCCC/C=C\CCCCCCCC(=O)OC[C@H](COP(=O)(O)OC[C@@H](O)CO)OC(=O)CCCCCCC/C=C\CCCCC
LMGP04010114,CCCC/C=C\CCCCCCCC(=O)OC[C@H](COP(=O)(O)OC[C@@H](O)CO)OC(=O)CCCCCCCCCCCCCCC
LMGP04010115,CCCC/C=C\CCCCCCCC(=O)OC[C@H](COP(=O)(O)OC[C@@H](O)CO)OC(=O)CCCCCCC/C=C\CCCCCC
LMGP04010116,CCCC/C=C\CCCCCCCC(=O)OC[C@H](COP(=O)(O)OC[C@@H](O)CO)OC(=O)CCCCCCCCCCCCCCCC
LMGP04010117,CCCC/C=C\CCCCCCCC(=O)OC[C@H](COP(=O)(O)OC[C@@H](O)CO)OC(=O)CCCCCCC/C=C\CCCCCCC
LMGP04010118,CCCC/C=C/CCCCCCCC(=O)OC[C@H](COP(=O)(O)OC[C@@H](O)CO)OC(=O)CCCCCCC/C=C\C/C=C\CCCC
LMGP04010119,CCCC/C=C\CCCCCCCC(=O)OC[C@H](COP(=O)(O)OC[C@@H](O)CO)OC(=O)CCCCCCCCCCCCCCCCC
LMGP04010120,CCCC/C=C\CCCCCCCC(=O)OC[C@H](COP(=O)(O)OC[C@@H](O)CO)OC(=O)CCCCCCC/C=C\CCCCCCCC
LMGP04010121,CCCC/C=C\CCCCCCCC(=O)OC[C@H](COP(=O)(O)OC[C@@H](O)CO)OC(=O)CCCCCCC/C=C\C/C=C\CCCCC
LMGP04010122,CCCC/C=C\CCCCCCCC(=O)OC[C@H](COP(=O)(O)OC[C@@H](O)CO)OC(=O)CCCC/C=C\C/C=C\C/C=C\CCCCC
LMGP04010123,CC/C=C\C/C=C\C/C=C\CCCCCCCC(=O)O[C@H](COC(=O)CCCCCCC/C=C\CCCC)COP(=O)(O)OC[C@@H](O)CO
LMGP04010124,CC/C=C\C/C=C\C/C=C\C/C=C\CCCCC(=O)O[C@H](COC(=O)CCCCCCC/C=C\CCCC)COP(=O)(O)OC[C@@H](O)CO
LMGP04010125,CCCC/C=C\CCCCCCCC(=O)OC[C@H](COP(=O)(O)OC[C@@H](O)CO)OC(=O)CCCCCCCCCCCCCCCCCC
LMGP04010126,CCCC/C=C\CCCCCCCC(=O)OC[C@H](COP(=O)(O)OC[C@@H](O)CO)OC(=O)CCCCCCC/C=C\CCCCCCCCC
LMGP04010127,CCCC/C=C\CCCCCCCC(=O)OC[C@H](COP(=O)(O)OC[C@@H](O)CO)OC(=O)CCCCCCCCCCCCCCCCCCC
LMGP04010128,CCCC/C=C\CCCCCCCC(=O)OC[C@H](COP(=O)(O)OC[C@@H](O)CO)OC(=O)CCCCCCCCC/C=C\CCCCCCCC
LMGP04010129,CCCC/C=C\CCCCCCCC(=O)OC[C@H](COP(=O)(O)OC[C@@H](O)CO)OC(=O)CCCCCCCCC/C=C\C/C=C\CCCCC
LMGP04010130,CCCC/C=C\CCCCCCCC(=O)OC[C@H](COP(=O)(O)OC[C@@H](O)CO)OC(=O)CCCCCC/C=C\C/C=C\C/C=C\CCCCC
LMGP04010131,CCCC/C=C\CCCCCCCC(=O)OC[C@H](COP(=O)(O)OC[C@@H](O)CO)OC(=O)CCC/C=C\C/C=C\C/C=C\C/C=C\CCCCC
LMGP04010132,CC/C=C\C/C=C\C/C=C\C/C=C\C/C=C\CCCC(=O)O[C@H](COC(=O)CCCCCCC/C=C\CCCC)COP(=O)(O)OC[C@@H](O)CO
LMGP04010133,CCCC/C=C\CCCCCCCC(=O)OC[C@H](COP(=O)(O)OC[C@@H](O)CO)OC(=O)CCCCCCCCCCCCCCCCCCCC
LMGP04010134,CCCC/C=C\CCCCCCCC(=O)OC[C@H](COP(=O)(O)OC[C@@H](O)CO)OC(=O)CCCCCCCCCCCCCCCCCCCCC
LMGP04010135,CCCC/C=C\CCCCCCCC(=O)OC[C@H](COP(=O)(O)OC[C@@H](O)CO)OC(=O)CCCCCCCCC/C=C\CCCCCCCCCC
LMGP04010136,CCCC/C=C\CCCCCCCC(=O)OC[C@H](COP(=O)(O)OC[C@@H](O)CO)OC(=O)CCCCCCCCCCC/C=C\C/C=C\CCCCC
LMGP04010137,CCCC/C=C\CCCCCCCC(=O)OC[C@H](COP(=O)(O)OC[C@@H](O)CO)OC(=O)CCCCC/C=C\C/C=C\C/C=C\C/C=C\CCCCC
LMGP04010138,CC/C=C/C/C=C/C/C=C/C/C=C/C/C=C/C/C=C\CCC(=O)O[C@H](COC(=O)CCCCCCC/C=C\CCCC)COP(=O)(O)OC[C@@H](O)CO
LMGP04010139,CCCCCCCCCCCCCCC(=O)OC[C@H](COP(=O)(O)OC[C@@H](O)CO)OC(=O)CCCCCCCCCCC
LMGP04010140,CCCCCCCCCCCCCCC(=O)OC[C@H](COP(=O)(O)OC[C@@H](O)CO)OC(=O)CCCCCCCCCCCCC
LMGP04010141,CCCC/C=C\CCCCCCCC(=O)O[C@H](COC(=O)CCCCCCCCCCCCCC)COP(=O)(O)OC[C@@H](O)CO
LMGP04010142,CCCCC/C=C\CCCCCCCC(=O)O[C@H](COC(=O)CCCCCCCCCCCCCC)COP(=O)(O)OC[C@@H](O)CO
LMGP04010143,CCCCCCC/C=C\CCCCCCCC(=O)O[C@H](COC(=O)CCCCCCCCCCCCCC)COP(=O)(O)OC[C@@H](O)CO
LMGP04010144,CCCC/C=C\C/C=C\CCCCCCCC(=O)O[C@H](COC(=O)CCCCCCCCCCCCCC)COP(=O)(O)OC[C@@H](O)CO
LMGP04010145,CCCCCCCC/C=C\CCCCCCCC(=O)O[C@H](COC(=O)CCCCCCCCCCCCCC)COP(=O)(O)OC[C@@H](O)CO
LMGP04010146,CCCCC/C=C\C/C=C\C/C=C\CCCCC(=O)O[C@H](COC(=O)CCCCCCCCCCCCCC)COP(=O)(O)OC[C@@H](O)CO
LMGP04010147,CC/C=C\C/C=C\C/C=C\CCCCCCCC(=O)O[C@H](COC(=O)CCCCCCCCCCCCCC)COP(=O)(O)OC[C@@H](O)CO
LMGP04010148,CC/C=C\C/C=C\C/C=C\C/C=C\CCCCC(=O)O[C@H](COC(=O)CCCCCCCCCCCCCC)COP(=O)(O)OC[C@@H](O)CO
LMGP04010149,CCCCCCCCC/C=C\CCCCCCCC(=O)O[C@H](COC(=O)CCCCCCCCCCCCCC)COP(=O)(O)OC[C@@H](O)CO
LMGP04010150,CCCCCCCCCCCCCCCCCCCC(=O)O[C@H](COC(=O)CCCCCCCCCCCCCC)COP(=O)(O)OC[C@@H](O)CO
LMGP04010151,CCCCCCCC/C=C\CCCCCCCCCC(=O)O[C@H](COC(=O)CCCCCCCCCCCCCC)COP(=O)(O)OC[C@@H](O)CO
LMGP04010152,CCCCC/C=C\C/C=C\CCCCCCCCCC(=O)O[C@H](COC(=O)CCCCCCCCCCCCCC)COP(=O)(O)OC[C@@H](O)CO
LMGP04010153,CCCCC/C=C\C/C=C\C/C=C\CCCCCCC(=O)O[C@H](COC(=O)CCCCCCCCCCCCCC)COP(=O)(O)OC[C@@H](O)CO
LMGP04010154,CCCCC/C=C\C/C=C\C/C=C\C/C=C\CCCC(=O)O[C@H](COC(=O)CCCCCCCCCCCCCC)COP(=O)(O)OC[C@@H](O)CO
LMGP04010155,CC/C=C\C/C=C\C/C=C\C/C=C\C/C=C\CCCC(=O)O[C@H](COC(=O)CCCCCCCCCCCCCC)COP(=O)(O)OC[C@@H](O)CO
LMGP04010156,CCCCCCCCCCCCCCCCCCCCCC(=O)O[C@H](COC(=O)CCCCCCCCCCCCCC)COP(=O)(O)OC[C@@H](O)CO
LMGP04010157,CCCCCCCCCC/C=C\CCCCCCCCCC(=O)O[C@H](COC(=O)CCCCCCCCCCCCCC)COP(=O)(O)OC[C@@H](O)CO
LMGP04010158,CCCCC/C=C\C/C=C\CCCCCCCCCCCC(=O)O[C@H](COC(=O)CCCCCCCCCCCCCC)COP(=O)(O)OC[C@@H](O)CO
LMGP04010159,CCCCC/C=C\C/C=C\C/C=C\C/C=C\CCCCCC(=O)O[C@H](COC(=O)CCCCCCCCCCCCCC)COP(=O)(O)OC[C@@H](O)CO
LMGP04010160,CC/C=C/C/C=C/C/C=C\C/C=C\C/C=C\C/C=C\CCC(=O)O[C@H](COC(=O)CCCCCCCCCCCCCC)COP(=O)(O)OC[C@@H](O)CO
LMGP04010161,CCCCC/C=C\CCCCCCCC(=O)OC[C@H](COP(=O)(O)OC[C@@H](O)CO)OC(=O)CCCCCCCCCCC
LMGP04010162,CCCCC/C=C\CCCCCCCC(=O)OC[C@H](COP(=O)(O)OC[C@@H](O)CO)OC(=O)CCCCCCCCCCCC
LMGP04010163,CCCCCC=CCCCCCCCC(=O)OC[C@H](COP(=O)(O)OC[C@@H](O)CO)OC(=O)CCCCCCCCCCCCC
LMGP04010164,CCCC/C=C\CCCCCCCC(=O)O[C@H](COC(=O)CCCCCCC/C=C\CCCCC)COP(=O)(O)OC[C@@H](O)CO
LMGP04010165,CCCCC/C=C\CCCCCCCC(=O)OC[C@H](COP(=O)(O)OC[C@@H](O)CO)OC(=O)CCCCCCCCCCCCCC
LMGP04010166,CCCCC/C=C\CCCCCCCC(=O)OC[C@H](COP(=O)(O)OC[C@@H](O)CO)OC(=O)CCCCCCC/C=C\CCCCC
LMGP04010167,CCCCCC=CCCCCCCCC(=O)OC[C@H](COP(=O)(O)OC[C@@H](O)CO)OC(=O)CCCCCCCCCCCCCCC
LMGP04010168,CCCCC/C=C\CCCCCCCC(=O)OC[C@H](COP(=O)(O)OC[C@@H](O)CO)OC(=O)CCCCCCC/C=C\CCCCCC
LMGP04010169,CCCCC/C=C\CCCCCCCC(=O)OC[C@H](COP(=O)(O)OC[C@@H](O)CO)OC(=O)CCCCCCCCCCCCCCCC
LMGP04010170,CCCCC/C=C\CCCCCCCC(=O)OC[C@H](COP(=O)(O)OC[C@@H](O)CO)OC(=O)CCCCCCC/C=C\CCCCCCC
LMGP04010171,CCCC/C=C\C/C=C\CCCCCCCC(=O)O[C@H](COC(=O)CCCCCCC/C=C\CCCCC)COP(=O)(O)OC[C@@H](O)CO
LMGP04010172,CCCCC/C=C\CCCCCCCC(=O)OC[C@H](COP(=O)(O)OC[C@@H](O)CO)OC(=O)CCCCCCCCCCCCCCCCC
LMGP04010173,CCCCC/C=C\CCCCCCCC(=O)OC[C@H](COP(=O)(O)OC[C@@H](O)CO)OC(=O)CCCCCCC/C=C\CCCCCCCC
LMGP04010174,CCCCC/C=C\C/C=C\CCCCCCCC(=O)O[C@H](COC(=O)CCCCCCC/C=C\CCCCC)COP(=O)(O)OC[C@@H](O)CO
LMGP04010175,CCCCC/C=C\C/C=C\C/C=C\CCCCC(=O)O[C@H](COC(=O)CCCCCCC/C=C\CCCCC)COP(=O)(O)OC[C@@H](O)CO
LMGP04010176,CC/C=C\C/C=C\C/C=C\CCCCCCCC(=O)O[C@H](COC(=O)CCCCCCC/C=C\CCCCC)COP(=O)(O)OC[C@@H](O)CO
LMGP04010177,CC/C=C\C/C=C\C/C=C\C/C=C\CCCCC(=O)O[C@H](COC(=O)CCCCCCC/C=C\CCCCC)COP(=O)(O)OC[C@@H](O)CO
LMGP04010178,CCCCC/C=C\CCCCCCCC(=O)OC[C@H](COP(=O)(O)OC[C@@H](O)CO)OC(=O)CCCCCCCCCCCCCCCCCC
LMGP04010179,CCCCC/C=C\CCCCCCCC(=O)OC[C@H](COP(=O)(O)OC[C@@H](O)CO)OC(=O)CCCCCCC/C=C\CCCCCCCCC
LMGP04010180,CCCCC/C=C\CCCCCCCC(=O)OC[C@H](COP(=O)(O)OC[C@@H](O)CO)OC(=O)CCCCCCCCCCCCCCCCCCC
LMGP04010181,CCCCC/C=C\CCCCCCCC(=O)OC[C@H](COP(=O)(O)OC[C@@H](O)CO)OC(=O)CCCCCCCCC/C=C\CCCCCCCC
LMGP04010182,CCCCC/C=C\C/C=C\CCCCCCCCCC(=O)O[C@H](COC(=O)CCCCCCC/C=C\CCCCC)COP(=O)(O)OC[C@@H](O)CO
LMGP04010183,CCCCC/C=C\C/C=C\C/C=C\CCCCCCC(=O)O[C@H](COC(=O)CCCCCCC/C=C\CCCCC)COP(=O)(O)OC[C@@H](O)CO
LMGP04010184,CCCCC/C=C\C/C=C\C/C=C\C/C=C\CCCC(=O)O[C@H](COC(=O)CCCCCCC/C=C\CCCCC)COP(=O)(O)OC[C@@H](O)CO
LMGP04010185,CC/C=C\C/C=C\C/C=C\C/C=C\C/C=C\CCCC(=O)O[C@H](COC(=O)CCCCCCC/C=C\CCCCC)COP(=O)(O)OC[C@@H](O)CO
LMGP04010186,CCCCC/C=C\CCCCCCCC(=O)OC[C@H](COP(=O)(O)OC[C@@H](O)CO)OC(=O)CCCCCCCCCCCCCCCCCCCC
LMGP04010187,CCCCC/C=C\CCCCCCCC(=O)OC[C@H](COP(=O)(O)OC[C@@H](O)CO)OC(=O)CCCCCCCCCCCCCCCCCCCCC
LMGP04010188,CCCCC/C=C\CCCCCCCC(=O)OC[C@H](COP(=O)(O)OC[C@@H](O)CO)OC(=O)CCCCCCCCC/C=C\CCCCCCCCCC
LMGP04010189,CCCCC/C=C\C/C=C\CCCCCCCCCCCC(=O)O[C@H](COC(=O)CCCCCCC/C=C\CCCCC)COP(=O)(O)OC[C@@H](O)CO
LMGP04010190,CCCCC/C=C\C/C=C\C/C=C\C/C=C\CCCCCC(=O)O[C@H](COC(=O)CCCCCCC/C=C\CCCCC)COP(=O)(O)OC[C@@H](O)CO
LMGP04010191,CC/C=C\C/C=C\C/C=C\C/C=C\C/C=C\C/C=C\CCC(=O)O[C@H](COC(=O)CCCCCCC/C=C\CCCCC)COP(=O)(O)OC[C@@H](O)CO
LMGP04010192,CCCCCCCCCCCCCCCC(=O)OC[C@H](COP(=O)(O)OC[C@@H](O)CO)OC(=O)CCCCCCCCCCCC
LMGP04010193,CCCC/C=C\CCCCCCCC(=O)O[C@H](COC(=O)CCCCCCCCCCCCCCC)COP(=O)(O)OC[C@@H](O)CO
LMGP04010194,CCCCC/C=C\CCCCCCCC(=O)O[C@H](COC(=O)CCCCCCCCCCCCCCC)COP(=O)(O)OC[C@@H](O)CO
LMGP04010195,CCCC/C=C\C/C=C\CCCCCCCC(=O)O[C@H](COC(=O)CCCCCCCCCCCCCCC)COP(=O)(O)OC[C@@H](O)CO
LMGP04010196,CCCCCCCCC/C=C\CCCCCCCC(=O)O[C@H](COC(=O)CCCCCCCCCCCCCCC)COP(=O)(O)OC[C@@H](O)CO
LMGP04010197,CCCCC/C=C\C/C=C\CCCCCCCCCC(=O)O[C@H](COC(=O)CCCCCCCCCCCCCCC)COP(=O)(O)OC[C@@H](O)CO
LMGP04010198,CCCCCCCCCCCCCCCCCCCCC(=O)O[C@H](COC(=O)CCCCCCCCCCCCCCC)COP(=O)(O)OC[C@@H](O)CO
LMGP04010199,CCCCCCCCCC/C=C\CCCCCCCCCC(=O)O[C@H](COC(=O)CCCCCCCCCCCCCCC)COP(=O)(O)OC[C@@H](O)CO
LMGP04010200,CCCCC/C=C\C/C=C\CCCCCCCCCCCC(=O)O[C@H](COC(=O)CCCCCCCCCCCCCCC)COP(=O)(O)OC[C@@H](O)CO
LMGP04010201,CCCCCC/C=C\CCCCCCCC(=O)OC[C@H](COP(=O)(O)OC[C@@H](O)CO)OC(=O)CCCCCCCCCCC
LMGP04010202,CCCCCCC=CCCCCCCCC(=O)OC[C@H](COP(=O)(O)OC[C@@H](O)CO)OC(=O)CCCCCCCCCCCC
LMGP04010203,CCCCCC/C=C\CCCCCCCC(=O)OC[C@H](COP(=O)(O)OC[C@@H](O)CO)OC(=O)CCCCCCCCCCCCC
LMGP04010204,CCCC/C=C\CCCCCCCC(=O)O[C@H](COC(=O)CCCCCCC/C=C\CCCCCC)COP(=O)(O)OC[C@@H](O)CO
LMGP04010205,CCCCCC/C=C\CCCCCCCC(=O)OC[C@H](COP(=O)(O)OC[C@@H](O)CO)OC(=O)CCCCCCCCCCCCCC
LMGP04010206,CCCCC/C=C\CCCCCCCC(=O)O[C@H](COC(=O)CCCCCCC/C=C\CCCCCC)COP(=O)(O)OC[C@@H](O)CO
LMGP04010207,CCCCCC/C=C\CCCCCCCC(=O)OC[C@H](COP(=O)(O)OC[C@@H](O)CO)OC(=O)CCCCCCCCCCCCCCC
LMGP04010208,CCCCCC/C=C\CCCCCCCC(=O)OC[C@H](COP(=O)(O)OC[C@@H](O)CO)OC(=O)CCCCCCCCCCCCCCCC
LMGP04010209,CCCCCC/C=C\CCCCCCCC(=O)OC[C@H](COP(=O)(O)OC[C@@H](O)CO)OC(=O)CCCCCCC/C=C\CCCCCCC
LMGP04010210,CCCC/C=C\C/C=C\CCCCCCCC(=O)O[C@H](COC(=O)CCCCCCC/C=C\CCCCCC)COP(=O)(O)OC[C@@H](O)CO
LMGP04010211,CCCCCC/C=C\CCCCCCCC(=O)OC[C@H](COP(=O)(O)OC[C@@H](O)CO)OC(=O)CCCCCCCCCCCCCCCCC
LMGP04010212,CCCCC/C=C\C/C=C\C/C=C\CCCCC(=O)O[C@H](COC(=O)CCCCCCC/C=C\CCCCCC)COP(=O)(O)OC[C@@H](O)CO
LMGP04010213,CC/C=C\C/C=C\C/C=C\CCCCCCCC(=O)O[C@H](COC(=O)CCCCCCC/C=C\CCCCCC)COP(=O)(O)OC[C@@H](O)CO
LMGP04010214,CCCCCC/C=C\CCCCCCCC(=O)OC[C@H](COP(=O)(O)OC[C@@H](O)CO)OC(=O)CCCCCCCCCCCCCCCCCC
LMGP04010215,CCCCCC/C=C\CCCCCCCC(=O)OC[C@H](COP(=O)(O)OC[C@@H](O)CO)OC(=O)CCCCCCC/C=C\CCCCCCCCC
LMGP04010216,CCCCCC/C=C\CCCCCCCC(=O)OC[C@H](COP(=O)(O)OC[C@@H](O)CO)OC(=O)CCCCCCCCCCCCCCCCCCC
LMGP04010217,CCCCCCC=CCCCCCCCC(=O)OC[C@H](COP(=O)(O)OC[C@@H](O)CO)OC(=O)CCCCCCCCC/C=C\CCCCCCCC
LMGP04010218,CCCCC/C=C\C/C=C\CCCCCCCCCC(=O)O[C@H](COC(=O)CCCCCCC/C=C\CCCCCC)COP(=O)(O)OC[C@@H](O)CO
LMGP04010219,CCCCC/C=C\C/C=C\C/C=C\CCCCCCC(=O)O[C@H](COC(=O)CCCCCCC/C=C\CCCCCC)COP(=O)(O)OC[C@@H](O)CO
LMGP04010220,CC/C=C\C/C=C\C/C=C\C/C=C\C/C=C\CCCC(=O)O[C@H](COC(=O)CCCCCCC/C=C\CCCCCC)COP(=O)(O)OC[C@@H](O)CO
LMGP04010221,CCCCCC/C=C\CCCCCCCC(=O)OC[C@H](COP(=O)(O)OC[C@@H](O)CO)OC(=O)CCCCCCCCCCCCCCCCCCCC
LMGP04010222,CCCCCC/C=C\CCCCCCCC(=O)OC[C@H](COP(=O)(O)OC[C@@H](O)CO)OC(=O)CCCCCCCCCCCCCCCCCCCCC
LMGP04010223,CCCCCC/C=C\CCCCCCCC(=O)OC[C@H](COP(=O)(O)OC[C@@H](O)CO)OC(=O)CCCCCCCCC/C=C\CCCCCCCCCC
LMGP04010224,CCCCC/C=C\C/C=C\CCCCCCCCCCCC(=O)O[C@H](COC(=O)CCCCCCC/C=C\CCCCCC)COP(=O)(O)OC[C@@H](O)CO
LMGP04010225,CCCCC/C=C\C/C=C\C/C=C\C/C=C\CCCCCC(=O)O[C@H](COC(=O)CCCCCCC/C=C\CCCCCC)COP(=O)(O)OC[C@@H](O)CO
LMGP04010226,CCCCCCCCCCCCCCCCC(=O)OC[C@H](COP(=O)(O)OC[C@@H](O)CO)OC(=O)CCCCCCCCCCC
LMGP04010227,CCCCCCCCCCCCCCCCC(=O)OC[C@H](COP(=O)(O)OC[C@@H](O)CO)OC(=O)CCCCCCCCCCCCC
LMGP04010228,CCCCC/C=C\CCCCCCCC(=O)O[C@H](COC(=O)CCCCCCCCCCCCCCCC)COP(=O)(O)OC[C@@H](O)CO
LMGP04010229,CCCCCCCCCCCCCCCCC(=O)OC[C@H](COP(=O)(O)OC[C@@H](O)CO)OC(=O)CCCCCCCCCCCCCCC
LMGP04010230,CCCCCC/C=C/CCCCCCCC(=O)O[C@H](COC(=O)CCCCCCCCCCCCCCCC)COP(=O)(O)OC[C@@H](O)CO
LMGP04010231,CCCCCCC/C=C\CCCCCCCC(=O)O[C@H](COC(=O)CCCCCCCCCCCCCCCC)COP(=O)(O)OC[C@@H](O)CO
LMGP04010232,CCCC/C=C\C/C=C\CCCCCCCC(=O)O[C@H](COC(=O)CCCCCCCCCCCCCCCC)COP(=O)(O)OC[C@@H](O)CO
LMGP04010233,CCCCC/C=C\C/C=C\CCCCCCCC(=O)O[C@H](COC(=O)CCCCCCCCCCCCCCCC)COP(=O)(O)OC[C@@H](O)CO
LMGP04010234,CCCCCC=CC/C=C/C/C=C/CCCCC(=O)O[C@@H](COC(=O)CCCCCCCCCCCCCCCC)COP(=O)(O)OC[C@H](O)CO
LMGP04010235,CC/C=C\C/C=C\C/C=C\CCCCCCCC(=O)O[C@H](COC(=O)CCCCCCCCCCCCCCCC)COP(=O)(O)OC[C@@H](O)CO
LMGP04010236,CC/C=C\C/C=C\C/C=C\C/C=C\CCCCC(=O)O[C@H](COC(=O)CCCCCCCCCCCCCCCC)COP(=O)(O)OC[C@@H](O)CO
LMGP04010237,CCCCCCCCCCCCCCCCCCC(=O)O[C@H](COC(=O)CCCCCCCCCCCCCCCC)COP(=O)(O)OC[C@@H](O)CO
LMGP04010238,CCCCCCCCC/C=C\CCCCCCCC(=O)O[C@H](COC(=O)CCCCCCCCCCCCCCCC)COP(=O)(O)OC[C@@H](O)CO
LMGP04010239,CCCCCCCC/C=C\CCCCCCCCCC(=O)O[C@H](COC(=O)CCCCCCCCCCCCCCCC)COP(=O)(O)OC[C@@H](O)CO
LMGP04010240,CCCCC/C=C\C/C=C\CCCCCCCCCC(=O)O[C@H](COC(=O)CCCCCCCCCCCCCCCC)COP(=O)(O)OC[C@@H](O)CO
LMGP04010241,CCCCC/C=C\C/C=C\C/C=C\CCCCCCC(=O)O[C@H](COC(=O)CCCCCCCCCCCCCCCC)COP(=O)(O)OC[C@@H](O)CO
LMGP04010242,CC/C=C\C/C=C\C/C=C\C/C=C\C/C=C\CCCC(=O)O[C@H](COC(=O)CCCCCCCCCCCCCCCC)COP(=O)(O)OC[C@@H](O)CO
LMGP04010243,CCCCCCCCCCCCCCCCCCCCC(=O)O[C@H](COC(=O)CCCCCCCCCCCCCCCC)COP(=O)(O)OC[C@@H](O)CO
LMGP04010244,CCCCCCCCCCCCCCCCCCCCCC(=O)O[C@H](COC(=O)CCCCCCCCCCCCCCCC)COP(=O)(O)OC[C@@H](O)CO
LMGP04010245,CCCCCCCCCC/C=C\CCCCCCCCCC(=O)O[C@H](COC(=O)CCCCCCCCCCCCCCCC)COP(=O)(O)OC[C@@H](O)CO
LMGP04010246,CCCCC/C=C\C/C=C\CCCCCCCCCCCC(=O)O[C@H](COC(=O)CCCCCCCCCCCCCCCC)COP(=O)(O)OC[C@@H](O)CO
LMGP04010247,CCCCC/C=C\C/C=C\C/C=C\C/C=C\CCCCCC(=O)O[C@H](COC(=O)CCCCCCCCCCCCCCCC)COP(=O)(O)OC[C@@H](O)CO
LMGP04010248,CCCCCCC/C=C\CCCCCCCC(=O)OC[C@H](COP(=O)(O)OC[C@@H](O)CO)OC(=O)CCCCCCCCCCC
LMGP04010249,CCCCCCC/C=C\CCCCCCCC(=O)OC[C@H](COP(=O)(O)OC[C@@H](O)CO)OC(=O)CCCCCCCCCCCC
LMGP04010250,CCCCCCC/C=C\CCCCCCCC(=O)OC[C@H](COP(=O)(O)OC[C@@H](O)CO)OC(=O)CCCCCCCCCCCCC
LMGP04010251,CCCC/C=C\CCCCCCCC(=O)O[C@H](COC(=O)CCCCCCC/C=C\CCCCCCC)COP(=O)(O)OC[C@@H](O)CO
LMGP04010252,CCCCCCC/C=C\CCCCCCCC(=O)OC[C@H](COP(=O)(O)OC[C@@H](O)CO)OC(=O)CCCCCCCCCCCCCC
LMGP04010253,CCCCC/C=C\CCCCCCCC(=O)O[C@H](COC(=O)CCCCCCC/C=C\CCCCCCC)COP(=O)(O)OC[C@@H](O)CO
LMGP04010254,CCCCCCC/C=C\CCCCCCCC(=O)OC[C@H](COP(=O)(O)OC[C@@H](O)CO)OC(=O)CCCCCCCCCCCCCCC
LMGP04010255,CCCCCC/C=C\CCCCCCCC(=O)O[C@H](COC(=O)CCCCCCC/C=C\CCCCCCC)COP(=O)(O)OC[C@@H](O)CO
LMGP04010256,CCCCCCC/C=C\CCCCCCCC(=O)OC[C@H](COP(=O)(O)OC[C@@H](O)CO)OC(=O)CCCCCCCCCCCCCCCC
LMGP04010257,CCCC/C=C\C/C=C\CCCCCCCC(=O)O[C@H](COC(=O)CCCCCCC/C=C\CCCCCCC)COP(=O)(O)OC[C@@H](O)CO
LMGP04010258,CCCCCCC/C=C\CCCCCCCC(=O)OC[C@H](COP(=O)(O)OC[C@@H](O)CO)OC(=O)CCCCCCCCCCCCCCCCC
LMGP04010259,CCCCCCC/C=C\CCCCCCCC(=O)OC[C@H](COP(=O)(O)OC[C@@H](O)CO)OC(=O)CCCCCCC/C=C\CCCCCCCC
LMGP04010260,CCCCC/C=C\C/C=C\CCCCCCCC(=O)O[C@H](COC(=O)CCCCCCC/C=C\CCCCCCC)COP(=O)(O)OC[C@@H](O)CO
LMGP04010261,CCCCC/C=C\C/C=C\C/C=C\CCCCC(=O)O[C@H](COC(=O)CCCCCCC/C=C\CCCCCCC)COP(=O)(O)OC[C@@H](O)CO
LMGP04010262,CCC=CC/C=C\C/C=C\CCCCCCCC(=O)O[C@H](COC(=O)CCCCCCC/C=C/CCCCCCC)COP(=O)(O)OC[C@@H](O)CO
LMGP04010263,CC/C=C\C/C=C\C/C=C\C/C=C\CCCCC(=O)O[C@H](COC(=O)CCCCCCC/C=C\CCCCCCC)COP(=O)(O)OC[C@@H](O)CO
LMGP04010264,CCCCCCC/C=C\CCCCCCCC(=O)OC[C@H](COP(=O)(O)OC[C@@H](O)CO)OC(=O)CCCCCCCCCCCCCCCCCC
LMGP04010265,CCCCCCC/C=C\CCCCCCCC(=O)OC[C@H](COP(=O)(O)OC[C@@H](O)CO)OC(=O)CCCCCCC/C=C\CCCCCCCCC
LMGP04010266,CCCCCCC/C=C\CCCCCCCC(=O)OC[C@H](COP(=O)(O)OC[C@@H](O)CO)OC(=O)CCCCCCCCCCCCCCCCCCC
LMGP04010267,CCCCCCC/C=C\CCCCCCCC(=O)OC[C@H](COP(=O)(O)OC[C@@H](O)CO)OC(=O)CCCCCCCCC/C=C\CCCCCCCC
LMGP04010268,CCCCC/C=C\C/C=C\CCCCCCCCCC(=O)O[C@H](COC(=O)CCCCCCC/C=C\CCCCCCC)COP(=O)(O)OC[C@@H](O)CO
LMGP04010269,CCCCC/C=C\C/C=C\C/C=C\CCCCCCC(=O)O[C@H](COC(=O)CCCCCCC/C=C\CCCCCCC)COP(=O)(O)OC[C@@H](O)CO
LMGP04010270,CCCCC/C=C\C/C=C\C/C=C\C/C=C\CCCC(=O)O[C@H](COC(=O)CCCCCCC/C=C\CCCCCCC)COP(=O)(O)OC[C@@H](O)CO
LMGP04010271,CC/C=C\C/C=C\C/C=C\C/C=C\C/C=C\CCCC(=O)O[C@H](COC(=O)CCCCCCC/C=C\CCCCCCC)COP(=O)(O)OC[C@@H](O)CO
LMGP04010272,CCCCCCC/C=C\CCCCCCCC(=O)OC[C@H](COP(=O)(O)OC[C@@H](O)CO)OC(=O)CCCCCCCCCCCCCCCCCCCC
LMGP04010273,CCCCCCC/C=C\CCCCCCCC(=O)OC[C@H](COP(=O)(O)OC[C@@H](O)CO)OC(=O)CCCCCCCCCCCCCCCCCCCCC
LMGP04010274,CCCCCCC/C=C\CCCCCCCC(=O)OC[C@H](COP(=O)(O)OC[C@@H](O)CO)OC(=O)CCCCCCCCC/C=C\CCCCCCCCCC
LMGP04010275,CCCCC/C=C\C/C=C\CCCCCCCCCCCC(=O)O[C@H](COC(=O)CCCCCCC/C=C\CCCCCCC)COP(=O)(O)OC[C@@H](O)CO
LMGP04010276,CCCCC/C=C\C/C=C\C/C=C\C/C=C\CCCCCC(=O)O[C@H](COC(=O)CCCCCCC/C=C\CCCCCCC)COP(=O)(O)OC[C@@H](O)CO
LMGP04010277,CC/C=C\C/C=C\C/C=C\C/C=C\C/C=C\C/C=C\CCC(=O)O[C@H](COC(=O)CCCCCCC/C=C\CCCCCCC)COP(=O)(O)OC[C@@H](O)CO
LMGP04010278,CCCC/C=C\C/C=C\CCCCCCCC(=O)OC[C@H](COP(=O)(O)OC[C@@H](O)CO)OC(=O)CCCCCCCCCCC
LMGP04010279,CCCC/C=C\C/C=C\CCCCCCCC(=O)OC[C@H](COP(=O)(O)OC[C@@H](O)CO)OC(=O)CCCCCCCCCCCC
LMGP04010280,CCCC/C=C\C/C=C\CCCCCCCC(=O)OC[C@H](COP(=O)(O)OC[C@@H](O)CO)OC(=O)CCCCCCCCCCCCC
LMGP04010281,CCCC/C=C\C/C=C\CCCCCCCC(=O)OC[C@H](COP(=O)(O)OC[C@@H](O)CO)OC(=O)CCCCCCC/C=C\CCCC
LMGP04010282,CCCC/C=C\C/C=C\CCCCCCCC(=O)OC[C@H](COP(=O)(O)OC[C@@H](O)CO)OC(=O)CCCCCCCCCCCCCC
LMGP04010283,CCCC/C=C\C/C=C\CCCCCCCC(=O)OC[C@H](COP(=O)(O)OC[C@@H](O)CO)OC(=O)CCCCCCC/C=C\CCCCC
LMGP04010284,CCCC/C=C\C/C=C\CCCCCCCC(=O)OC[C@H](COP(=O)(O)OC[C@@H](O)CO)OC(=O)CCCCCCCCCCCCCCC
LMGP04010285,CCCC/C=C\C/C=C\CCCCCCCC(=O)OC[C@H](COP(=O)(O)OC[C@@H](O)CO)OC(=O)CCCCCCC/C=C\CCCCCC
LMGP04010286,CCCCC=CC/C=C/CCCCCCCC(=O)OC[C@H](COP(=O)(O)OC[C@@H](O)CO)OC(=O)CCCCCCCCCCCCCCCC
LMGP04010287,CCCCC=CC/C=C/CCCCCCCC(=O)OC[C@H](COP(=O)(O)OC[C@@H](O)CO)OC(=O)CCCCCCC/C=C/CCCCCCC
LMGP04010288,CCCC/C=C\C/C=C\CCCCCCCC(=O)OC[C@H](COP(=O)(O)OC[C@@H](O)CO)OC(=O)CCCCCCCCCCCCCCCCC
LMGP04010289,CCCC/C=C\C/C=C\CCCCCCCC(=O)OC[C@H](COP(=O)(O)OC[C@@H](O)CO)OC(=O)CCCCCCC/C=C\CCCCCCCC
LMGP04010290,CCCCC=CC/C=C/CCCCCCCC(=O)OC[C@H](COP(=O)(O)OC[C@@H](O)CO)OC(=O)CCCCCCC/C=C/CC=CCCCCC
LMGP04010291,CCCCC=CC/C=C/CCCCCCCC(=O)OC[C@H](COP(=O)(O)OC[C@@H](O)CO)OC(=O)CCCC/C=C/C/C=C/CC=CCCCCC
LMGP04010292,CCC=CCC=CC/C=C/CCCCCCCC(=O)O[C@H](COC(=O)CCCCCCC/C=C/CC=CCCCC)COP(=O)(O)OC[C@@H](O)CO
LMGP04010293,CC/C=C\C/C=C\C/C=C\C/C=C\CCCCC(=O)O[C@H](COC(=O)CCCCCCC/C=C\C/C=C\CCCC)COP(=O)(O)OC[C@@H](O)CO
LMGP04010294,CCCCC=CCC=CCCCCCCCC(=O)OC[C@H](COP(=O)(O)OC[C@@H](O)CO)OC(=O)CCCCCCCCCCCCCCCCCC
LMGP04010295,CCCC/C=C\C/C=C\CCCCCCCC(=O)OC[C@H](COP(=O)(O)OC[C@@H](O)CO)OC(=O)CCCCCCC/C=C\CCCCCCCCC
LMGP04010296,CCCC/C=C\C/C=C\CCCCCCCC(=O)OC[C@H](COP(=O)(O)OC[C@@H](O)CO)OC(=O)CCCCCCCCCCCCCCCCCCC
LMGP04010297,CCCC/C=C\C/C=C\CCCCCCCC(=O)OC[C@H](COP(=O)(O)OC[C@@H](O)CO)OC(=O)CCCCCCCCC/C=C\CCCCCCCC
LMGP04010298,CCCC/C=C\C/C=C\CCCCCCCC(=O)OC[C@H](COP(=O)(O)OC[C@@H](O)CO)OC(=O)CCCCCCCCC/C=C\C/C=C\CCCCC
LMGP04010299,CCCCC=CCC=CCCCCCCCC(=O)OC[C@H](COP(=O)(O)OC[C@@H](O)CO)OC(=O)CCCCCC/C=C\C/C=C\C/C=C\CCCCC
LMGP04010300,CCCC/C=C\C/C=C\CCCCCCCC(=O)OC[C@H](COP(=O)(O)OC[C@@H](O)CO)OC(=O)CCC/C=C\C/C=C\C/C=C\C/C=C\CCCCC
LMGP04010301,CC/C=C\C/C=C\C/C=C\C/C=C\C/C=C\CCCC(=O)O[C@H](COC(=O)CCCCCCC/C=C\C/C=C\CCCC)COP(=O)(O)OC[C@@H](O)CO
LMGP04010302,CCCC/C=C\C/C=C\CCCCCCCC(=O)OC[C@H](COP(=O)(O)OC[C@@H](O)CO)OC(=O)CCCCCCCCCCCCCCCCCCCC
LMGP04010303,CCCC/C=C\C/C=C\CCCCCCCC(=O)OC[C@H](COP(=O)(O)OC[C@@H](O)CO)OC(=O)CCCCCCCCCCCCCCCCCCCCC
LMGP04010304,CCCC/C=C\C/C=C\CCCCCCCC(=O)OC[C@H](COP(=O)(O)OC[C@@H](O)CO)OC(=O)CCCCCCCCC/C=C\CCCCCCCCCC
LMGP04010305,CCCC/C=C\C/C=C\CCCCCCCC(=O)OC[C@H](COP(=O)(O)OC[C@@H](O)CO)OC(=O)CCCCCCCCCCC/C=C\C/C=C\CCCCC
LMGP04010306,CCCC/C=C\C/C=C\CCCCCCCC(=O)OC[C@H](COP(=O)(O)OC[C@@H](O)CO)OC(=O)CCCCC/C=C\C/C=C\C/C=C\C/C=C\CCCCC
LMGP04010307,CC/C=C\C/C=C\C/C=C\C/C=C\C/C=C\C/C=C\CCC(=O)O[C@H](COC(=O)CCCCCCC/C=C\C/C=C\CCCC)COP(=O)(O)OC[C@@H](O)CO
LMGP04010308,CCCCCCCCCCCCCCCCCC(=O)OC[C@H](COP(=O)(O)OC[C@@H](O)CO)OC(=O)CCCCCCCCCCCC
LMGP04010309,CCCC/C=C\CCCCCCCC(=O)O[C@H](COC(=O)CCCCCCCCCCCCCCCCC)COP(=O)(O)OC[C@@H](O)CO
LMGP04010310,CCCCCCCCCCCCCCCCCC(=O)OC[C@H](COP(=O)(O)OC[C@@H](O)CO)OC(=O)CCCCCCCCCCCCCC
LMGP04010311,CCCCC/C=C\CCCCCCCC(=O)O[C@H](COC(=O)CCCCCCCCCCCCCCCCC)COP(=O)(O)OC[C@@H](O)CO
LMGP04010312,CCCCCCCCCCCCCCCCCC(=O)OC[C@H](COP(=O)(O)OC[C@@H](O)CO)OC(=O)CCCCCCCCCCCCCCCC
LMGP04010313,CCCCCCC/C=C\CCCCCCCC(=O)O[C@H](COC(=O)CCCCCCCCCCCCCCCCC)COP(=O)(O)OC[C@@H](O)CO
LMGP04010314,CCCC/C=C\C/C=C\CCCCCCCC(=O)O[C@H](COC(=O)CCCCCCCCCCCCCCCCC)COP(=O)(O)OC[C@@H](O)CO
LMGP04010315,CCCCC/C=C\C/C=C\C/C=C\CCCCC(=O)O[C@H](COC(=O)CCCCCCCCCCCCCCCCC)COP(=O)(O)OC[C@@H](O)CO
LMGP04010316,CC/C=C\C/C=C\C/C=C\CCCCCCCC(=O)O[C@H](COC(=O)CCCCCCCCCCCCCCCCC)COP(=O)(O)OC[C@@H](O)CO
LMGP04010317,CCCCCCCCCCCCCCCCCCC(=O)O[C@H](COC(=O)CCCCCCCCCCCCCCCCC)COP(=O)(O)OC[C@@H](O)CO
LMGP04010318,CCCCCCCCC/C=C\CCCCCCCC(=O)O[C@H](COC(=O)CCCCCCCCCCCCCCCCC)COP(=O)(O)OC[C@@H](O)CO
LMGP04010319,CCCCCCCCCCCCCCCCCCCCC(=O)O[C@H](COC(=O)CCCCCCCCCCCCCCCCC)COP(=O)(O)OC[C@@H](O)CO
LMGP04010320,CCCCCCCCCC/C=C\CCCCCCCCCC(=O)O[C@H](COC(=O)CCCCCCCCCCCCCCCCC)COP(=O)(O)OC[C@@H](O)CO
LMGP04010321,CCCCC/C=C\C/C=C\CCCCCCCCCCCC(=O)O[C@H](COC(=O)CCCCCCCCCCCCCCCCC)COP(=O)(O)OC[C@@H](O)CO
LMGP04010322,CCCCCCCC/C=C\CCCCCCCC(=O)OC[C@H](COP(=O)(O)OC[C@@H](O)CO)OC(=O)CCCCCCCCCCC
LMGP04010323,CCCCCCCC/C=C/CCCCCCCC(=O)OC[C@H](COP(=O)(O)OC[C@@H](O)CO)OC(=O)CCCCCCCCCCCC
LMGP04010324,CCCCC=CCCCCCCCC(=O)O[C@H](COC(=O)CCCCCCCC=CCCCCCCCC)COP(=O)(O)OC[C@@H](O)CO
LMGP04010325,CCCCCCCC/C=C\CCCCCCCC(=O)OC[C@H](COP(=O)(O)OC[C@@H](O)CO)OC(=O)CCCCCCCCCCCCCC
LMGP04010326,CCCCC/C=C\CCCCCCCC(=O)O[C@H](COC(=O)CCCCCCC/C=C\CCCCCCCC)COP(=O)(O)OC[C@@H](O)CO
LMGP04010327,CCCCCCCC/C=C\CCCCCCCC(=O)OC[C@H](COP(=O)(O)OC[C@@H](O)CO)OC(=O)CCCCCCCCCCCCCCCC
LMGP04010328,CCCCCCC/C=C\CCCCCCCC(=O)O[C@H](COC(=O)CCCCCCC/C=C\CCCCCCCC)COP(=O)(O)OC[C@@H](O)CO
LMGP04010329,CCCC/C=C\C/C=C\CCCCCCCC(=O)O[C@H](COC(=O)CCCCCCC/C=C\CCCCCCCC)COP(=O)(O)OC[C@@H](O)CO
LMGP04010330,CCCCC/C=C\C/C=C\C/C=C\CCCCC(=O)O[C@H](COC(=O)CCCCCCC/C=C\CCCCCCCC)COP(=O)(O)OC[C@@H](O)CO
LMGP04010331,CC/C=C\C/C=C\C/C=C\C/C=C\CCCCC(=O)O[C@H](COC(=O)CCCCCCC/C=C\CCCCCCCC)COP(=O)(O)OC[C@@H](O)CO
LMGP04010332,CCCCCCCC/C=C\CCCCCCCC(=O)OC[C@H](COP(=O)(O)OC[C@@H](O)CO)OC(=O)CCCCCCCCCCCCCCCCCC
LMGP04010333,CCCCCCCC/C=C\CCCCCCCC(=O)OC[C@H](COP(=O)(O)OC[C@@H](O)CO)OC(=O)CCCCCCC/C=C\CCCCCCCCC
LMGP04010334,CCCCC/C=C\C/C=C\CCCCCCCCCC(=O)O[C@H](COC(=O)CCCCCCC/C=C\CCCCCCCC)COP(=O)(O)OC[C@@H](O)CO
LMGP04010335,CCCCC/C=C\C/C=C\C/C=C\CCCCCCC(=O)O[C@H](COC(=O)CCCCCCCC=CCCCCCCCC)COP(=O)(O)OC[C@@H](O)CO
LMGP04010336,CCCCCCCC/C=C\CCCCCCCC(=O)OC[C@H](COP(=O)(O)OC[C@@H](O)CO)OC(=O)CCCCCCCCCCCCCCCCCCCC
LMGP04010337,CCCCCCCC/C=C\CCCCCCCC(=O)OC[C@H](COP(=O)(O)OC[C@@H](O)CO)OC(=O)CCCCCCCCC/C=C\CCCCCCCCCC
LMGP04010338,CCCCC/C=C\C/C=C\CCCCCCCCCCCC(=O)O[C@H](COC(=O)CCCCCCC/C=C\CCCCCCCC)COP(=O)(O)OC[C@@H](O)CO
LMGP04010339,CCCCC/C=C\C/C=C\C/C=C\C/C=C\CCCCCC(=O)O[C@H](COC(=O)CCCCCCC/C=C\CCCCCCCC)COP(=O)(O)OC[C@@H](O)CO
LMGP04010340,CCCCC/C=C\C/C=C\CCCCCCCC(=O)OC[C@H](COP(=O)(O)OC[C@@H](O)CO)OC(=O)CCCCCCCCCCC
LMGP04010341,CCCCC/C=C\C/C=C\CCCCCCCC(=O)OC[C@H](COP(=O)(O)OC[C@@H](O)CO)OC(=O)CCCCCCCCCCCC
LMGP04010342,CCCCCC=CCC=CCCCCCCCC(=O)OC[C@H](COP(=O)(O)OC[C@@H](O)CO)OC(=O)CCCCCCCCCCCCC
LMGP04010343,CCCC/C=C\CCCCCCCC(=O)O[C@H](COC(=O)CCCCCCC/C=C\C/C=C\CCCCC)COP(=O)(O)OC[C@@H](O)CO
LMGP04010344,CCCCC/C=C\C/C=C\CCCCCCCC(=O)OC[C@H](COP(=O)(O)OC[C@@H](O)CO)OC(=O)CCCCCCCCCCCCCC
LMGP04010345,CCCCC/C=C\C/C=C\CCCCCCCC(=O)OC[C@H](COP(=O)(O)OC[C@@H](O)CO)OC(=O)CCCCCCC/C=C\CCCCC
LMGP04010346,CCCCCC=CCC=CCCCCCCCC(=O)OC[C@H](COP(=O)(O)OC[C@@H](O)CO)OC(=O)CCCCCCCC=CCCCCCC
LMGP04010347,CCCCC/C=C\C/C=C\CCCCCCCC(=O)OC[C@H](COP(=O)(O)OC[C@@H](O)CO)OC(=O)CCCCCCCCCCCCCCCC
LMGP04010348,CCCCC/C=C\C/C=C\CCCCCCCC(=O)OC[C@H](COP(=O)(O)OC[C@@H](O)CO)OC(=O)CCCCCCC/C=C\CCCCCCC
LMGP04010349,CCCC/C=C\C/C=C\CCCCCCCC(=O)O[C@H](COC(=O)CCCCCCC/C=C\C/C=C\CCCCC)COP(=O)(O)OC[C@@H](O)CO
LMGP04010350,CCCCCC=CCC=CCCCCCCCC(=O)OC[C@H](COP(=O)(O)OC[C@@H](O)CO)OC(=O)CCCCCCCC=CCCCCCCCC
LMGP04010351,CCCCCC=CCC=CCCCCCCCC(=O)OC[C@H](COP(=O)(O)OC[C@@H](O)CO)OC(=O)CCCC/C=C\C/C=C\CC=CCCCCC
LMGP04010352,CC/C=C\C/C=C\C/C=C\CCCCCCCC(=O)O[C@H](COC(=O)CCCCCCC/C=C\C/C=C\CCCCC)COP(=O)(O)OC[C@@H](O)CO
LMGP04010353,CC/C=C\C/C=C\C/C=C\C/C=C\CCCCC(=O)O[C@H](COC(=O)CCCCCCC/C=C\C/C=C\CCCCC)COP(=O)(O)OC[C@@H](O)CO
LMGP04010354,CCCCCC=CCC=CCCCCCCCC(=O)OC[C@H](COP(=O)(O)OC[C@@H](O)CO)OC(=O)CCCCCCCCCCCCCCCCCC
LMGP04010355,CCCCC/C=C\C/C=C\CCCCCCCC(=O)OC[C@H](COP(=O)(O)OC[C@@H](O)CO)OC(=O)CCCCCCC/C=C\CCCCCCCCC
LMGP04010356,CCCCC/C=C\C/C=C\CCCCCCCC(=O)OC[C@H](COP(=O)(O)OC[C@@H](O)CO)OC(=O)CCCCCCCCCCCCCCCCCCC
LMGP04010357,CCCCC/C=C\C/C=C\CCCCCCCC(=O)OC[C@H](COP(=O)(O)OC[C@@H](O)CO)OC(=O)CCCCCCCCC/C=C\CCCCCCCC